sample_size,n_trials,pop_id,estimation_method,point_estimate,ci_method,ci_alpha,coverage_probability,true_beta,ev_beta,median_beta,bias,percent_bias,empirical_variance_beta,empirical_sd_beta,mse,mcse
25,1000,1677688340_3.75,"Bayesian logit model, beta ~ t(1, 0, 2.5)",MAP,highest density posterior interval,0.95,0.395,3.75,26.28507856691349,24.884112615048622,563.8323847982562,600.9354284510264,56.00261878129235,7.483489746187426,563.7763821794748,0.23664872444467633
25,1000,1233248129_3.799,"Bayesian logit model, beta ~ t(1, 0, 2.5)",MAP,highest density posterior interval,0.95,0.409,3.799,26.06836029690134,25.306964667874393,544.5429070994304,586.1900578284111,48.618499066224665,6.972696685373935,544.4942886003641,0.22049602959288103
25,1000,1959011220_3.834,"Bayesian logit model, beta ~ t(1, 0, 2.5)",MAP,highest density posterior interval,0.95,0.441,3.834,26.265994716809434,25.293906973550957,557.9431070331433,585.080717704993,54.74872005817692,7.39923780251567,557.8883583130851,0.23398444405168675
25,1000,336997539_3.951,"Bayesian logit model, beta ~ t(1, 0, 2.5)",MAP,highest density posterior interval,0.95,0.453,3.951,26.032039971118465,25.233008535063924,536.8749549237115,558.8721835261571,49.3026287175801,7.021583063496443,536.8256522949938,0.22204195260711454
25,1000,469923319_3.982,"Bayesian logit model, beta ~ t(1, 0, 2.5)",MAP,highest density posterior interval,0.95,0.463,3.982,26.022843380760467,25.200674879507154,534.8227129359263,553.5118880150794,49.02393600071385,7.001709505593177,534.7736889999258,0.22141349552525894
25,1000,1840780356_4.051,"Bayesian logit model, beta ~ t(1, 0, 2.5)",MAP,highest density posterior interval,0.95,0.502,4.051,26.460748745401393,25.81645661372192,551.7716670280872,553.1905392594765,49.57482819606787,7.040939439880723,551.722092199891,0.2226540549733327
25,1000,2090300807_4.145,"Bayesian logit model, beta ~ t(1, 0, 2.5)",MAP,highest density posterior interval,0.95,0.557,4.145,26.44109212851694,25.508466047169534,556.2713127560493,537.9033082875015,59.15558855273418,7.6912670316882235,556.2121571674965,0.2432192191269723
25,1000,1208125066_4.17,"Bayesian logit model, beta ~ t(1, 0, 2.5)",MAP,highest density posterior interval,0.95,0.563,4.17,26.26125986407275,25.257670643155052,540.0496270857069,529.7664235988668,52.02586470371543,7.212895722503926,539.9976012210033,0.22809179008398225
25,1000,679822524_4.231,"Bayesian logit model, beta ~ t(1, 0, 2.5)",MAP,highest density posterior interval,0.95,0.578,4.231,26.26406560372804,25.56910900576419,535.2710486702265,520.7531459165218,49.815068772042785,7.057979085548695,535.2212336014543,0.22319289588166286
25,1000,343040439_4.255,"Bayesian logit model, beta ~ t(1, 0, 2.5)",MAP,highest density posterior interval,0.95,0.621,4.255,26.01519499717092,25.257030125323,520.6570305576569,511.40293765384064,47.15094424275452,6.866654516047427,520.6098796134141,0.21714268176191093
25,1000,905789905_4.295,"Bayesian logit model, beta ~ t(1, 0, 2.5)",MAP,highest density posterior interval,0.95,0.618,4.295,26.12454214426648,25.228616448406832,533.7460190062193,508.2547647093476,57.21710877791273,7.564199149805135,533.6888018974412,0.23920097988493427
25,1000,813235442_4.323,"Bayesian logit model, beta ~ t(1, 0, 2.5)",MAP,highest density posterior interval,0.95,0.604,4.323,26.127916558892014,25.224703591863868,529.574658763011,504.3931658314136,54.1202726227679,7.356648192129884,529.5205384903883,0.2326376423169043
25,1000,744326620_4.352,"Bayesian logit model, beta ~ t(1, 0, 2.5)",MAP,highest density posterior interval,0.95,0.643,4.352,26.42627899873409,25.761168893853018,536.5023497982407,507.221484345912,49.22855648428784,7.016306470236875,536.4531212417564,0.2218750920772493
25,1000,512478579_4.373,"Bayesian logit model, beta ~ t(1, 0, 2.5)",MAP,highest density posterior interval,0.95,0.652,4.373,26.29941587377368,25.339224698656054,537.0687921708017,501.40443342725075,56.30107910112736,7.503404500700156,537.0124910917006,0.23727848427770976
25,1000,624190610_4.599,"Bayesian logit model, beta ~ t(1, 0, 2.5)",MAP,highest density posterior interval,0.95,0.69,4.599,26.68937567226489,26.077555881868392,540.2758708168553,480.32997765307437,52.291173475062855,7.231263615376144,540.2235796433803,0.22867263385692407
25,1000,1842489076_4.621,"Bayesian logit model, beta ~ t(1, 0, 2.5)",MAP,highest density posterior interval,0.95,0.754,4.621,26.231657927863814,25.504933877767783,519.4531364483539,467.661933085129,52.43260037321085,7.241035863273352,519.4007038479806,0.22898165946907376
25,1000,1497819352_4.692,"Bayesian logit model, beta ~ t(1, 0, 2.5)",MAP,highest density posterior interval,0.95,0.692,4.692,26.473645187535297,25.438505391995804,526.9911566663613,464.2294370744948,52.551089590681805,7.24921303250786,526.9386055767706,0.22924024426501077
25,1000,348718115_4.712,"Bayesian logit model, beta ~ t(1, 0, 2.5)",MAP,highest density posterior interval,0.95,0.736,4.712,26.163196749272952,25.372300535911574,512.0448481890562,455.24611097777915,51.89100621303768,7.203541227274102,511.9929571828431,0.22779597497110804
25,1000,2081031682_4.743,"Bayesian logit model, beta ~ t(1, 0, 2.5)",MAP,highest density posterior interval,0.95,0.748,4.743,26.53159254392122,25.484286536497393,531.7577014845593,459.3841986911495,57.01493643953998,7.550823560350221,531.7006865481198,0.23877800660768567
25,1000,1904431972_4.773,"Bayesian logit model, beta ~ t(1, 0, 2.5)",MAP,highest density posterior interval,0.95,0.784,4.773,26.034674525444867,25.171685378379046,503.0819597712143,445.4572496426748,51.023156145263115,7.143049499006928,503.030936615069,0.2258830585618654
25,1000,1840263705_4.804,"Bayesian logit model, beta ~ t(1, 0, 2.5)",MAP,highest density posterior interval,0.95,0.766,4.804,26.340511914793918,25.33383981316294,514.2998973353333,448.3037451039533,50.478551879272864,7.104825957000838,514.249418783454,0.22467432403208176
25,1000,1631990279_4.85,"Bayesian logit model, beta ~ t(1, 0, 2.5)",MAP,highest density posterior interval,0.95,0.787,4.85,26.403568387417472,25.469567501441638,523.0743485409855,444.4034719055149,58.51803830990377,7.649708380709932,523.0158305026757,0.24190501919121848
25,1000,1103135698_4.901,"Bayesian logit model, beta ~ t(1, 0, 2.5)",MAP,highest density posterior interval,0.95,0.804,4.901,25.953587388798784,25.162426646718234,493.28839435585934,429.5569758987714,50.07695859284972,7.076507513798719,493.2383173972665,0.22377881622899368
25,1000,1809214851_4.931,"Bayesian logit model, beta ~ t(1, 0, 2.5)",MAP,highest density posterior interval,0.95,0.801,4.931,25.639744495843477,24.44266331976528,479.7022248735477,419.97048257642416,50.85012627942025,7.1309274487558945,479.6513747472683,0.2254997256748226
25,1000,1754225243_4.947,"Bayesian logit model, beta ~ t(1, 0, 2.5)",MAP,highest density posterior interval,0.95,0.784,4.947,26.364018725092926,25.6671851648921,510.2936761793224,432.92942642193094,51.60498510834132,7.183660982280645,510.242071194214,0.2271673064248932
25,1000,523582794_4.952,"Bayesian logit model, beta ~ t(1, 0, 2.5)",MAP,highest density posterior interval,0.95,0.797,4.952,26.438797027972427,25.273451999965197,512.5735824211827,433.9013939412848,50.89113589989784,7.133802345166134,512.5226912852828,0.2255906378817566
25,1000,1910492159_4.999,"Bayesian logit model, beta ~ t(1, 0, 2.5)",MAP,highest density posterior interval,0.95,0.826,4.9990000000000006,26.43736918221546,25.663336012373204,507.8682037255188,428.8531542751642,48.26453053255324,6.94726784661087,507.81993919498615,0.21969189910543638
25,1000,1928703996_5.065,"Bayesian logit model, beta ~ t(1, 0, 2.5)",MAP,highest density posterior interval,0.95,0.841,5.0649999999999995,26.961367936692376,25.834939388927037,538.7312579235534,432.307363014657,59.280329104543284,7.699371994165712,538.6719775944488,0.24347552054476296
25,1000,1222328524_5.112,"Bayesian logit model, beta ~ t(1, 0, 2.5)",MAP,highest density posterior interval,0.95,0.858,5.112,26.212152423593757,25.540722651938616,495.84797415825966,412.757285281568,50.63154185937027,7.115584435545001,495.79734261640033,0.22501453699565785
25,1000,127733165_5.172,"Bayesian logit model, beta ~ t(1, 0, 2.5)",MAP,highest density posterior interval,0.95,0.847,5.172000000000001,26.63839376106259,25.621643481635672,515.8522117903037,415.05015005921473,55.046150685316874,7.419309313225651,515.7971656396185,0.23461916095092678
25,1000,836169130_5.174,"Bayesian logit model, beta ~ t(1, 0, 2.5)",MAP,highest density posterior interval,0.95,0.846,5.1739999999999995,26.39657639148744,25.489565050409816,499.09904272719456,410.1773558462977,48.70129403467449,6.978631243637572,499.05034143315993,0.2206836968030817
25,1000,1391808131_5.253,"Bayesian logit model, beta ~ t(1, 0, 2.5)",MAP,highest density posterior interval,0.95,0.88,5.253,26.141842638396447,25.65745297449149,488.9775574423276,397.65548521599936,52.6338106706382,7.254916310381409,488.92492363165695,0.22942059774710336
25,1000,1586431781_5.289,"Bayesian logit model, beta ~ t(1, 0, 2.5)",MAP,highest density posterior interval,0.95,0.877,5.289,26.49118837457308,25.353145793832304,511.53055716666137,400.8732912568176,61.99776529577936,7.873865968873191,511.4685594013655,0.24899350452527744
25,1000,1463422767_5.355,"Bayesian logit model, beta ~ t(1, 0, 2.5)",MAP,highest density posterior interval,0.95,0.874,5.355,26.148061621726455,25.20718668605987,485.4981284080767,388.29246725913083,53.14671680316306,7.290179476745621,485.4449816912735,0.23053571697930683
25,1000,1453238298_5.368,"Bayesian logit model, beta ~ t(1, 0, 2.5)",MAP,highest density posterior interval,0.95,0.865,5.368,26.2696234045612,25.35107435526741,493.5663214032952,389.3745045559091,56.68846045719469,7.529173955833049,493.50963294283804,0.23809338600052438
25,1000,947900364_5.376,"Bayesian logit model, beta ~ t(1, 0, 2.5)",MAP,highest density posterior interval,0.95,0.877,5.3759999999999994,26.64843932083723,25.64813129225616,506.15050533192306,395.6926957000974,53.6338306732212,7.323512181543853,506.09687150125,0.23158978965667118
25,1000,983682871_5.384,"Bayesian logit model, beta ~ t(1, 0, 2.5)",MAP,highest density posterior interval,0.95,0.884,5.384,26.391910956910447,25.59964059941438,493.49353783038964,390.1915110867468,52.16121505691163,7.222272153340085,493.4413766153328,0.22838829886163528
25,1000,667057388_5.414,"Bayesian logit model, beta ~ t(1, 0, 2.5)",MAP,highest density posterior interval,0.95,0.897,5.414,26.373423738809016,25.71829463962439,492.4084063609836,387.1337964316405,53.11096289803272,7.287726867688766,492.35529539808556,0.23045815867101066
25,1000,443293449_5.429,"Bayesian logit model, beta ~ t(1, 0, 2.5)",MAP,highest density posterior interval,0.95,0.889,5.429,26.827263475643857,25.91463842365696,507.9973805765387,394.1474208075862,50.111700803464714,7.078961845035239,507.94726887573506,0.2238564289973927
25,1000,1353128989_5.453,"Bayesian logit model, beta ~ t(1, 0, 2.5)",MAP,highest density posterior interval,0.95,0.909,5.453,26.58078931969328,25.532133531572136,502.5052710396338,387.4525824260642,56.12178950228828,7.491447757429019,502.44914925013137,0.23690037885636292
25,1000,1128366379_5.495,"Bayesian logit model, beta ~ t(1, 0, 2.5)",MAP,highest density posterior interval,0.95,0.914,5.495,26.05072405044057,24.883326291426116,470.6835447951275,374.0805104720759,48.14575355726656,6.9387141141040365,470.6353990415703,0.2194214063332622
25,1000,971755380_5.579,"Bayesian logit model, beta ~ t(1, 0, 2.5)",MAP,highest density posterior interval,0.95,0.913,5.579000000000001,26.6488093053403,25.998897975523416,495.46534311991485,377.6628303520398,51.52847895651015,7.178333995887217,495.4138146409583,0.22699885232421363
25,1000,1631382838_5.581,"Bayesian logit model, beta ~ t(1, 0, 2.5)",MAP,highest density posterior interval,0.95,0.917,5.5809999999999995,26.389621603992808,25.08137562166612,491.7413057669328,372.8475471061246,58.74257270877653,7.664370340006838,491.682563194224,0.2423686710546075
25,1000,396844060_5.582,"Bayesian logit model, beta ~ t(1, 0, 2.5)",MAP,highest density posterior interval,0.95,0.916,5.582000000000001,26.485319517764356,25.541531051269715,494.7825668618717,374.4772396589816,57.833800000123475,7.604853713262568,494.72473306187163,0.24048659006298767
25,1000,561554120_5.676,"Bayesian logit model, beta ~ t(1, 0, 2.5)",MAP,highest density posterior interval,0.95,0.93,5.676,26.422565730731325,25.392703528982185,484.6163957077551,365.5138430361403,54.19640608819964,7.361820840539359,484.56219930166685,0.23280121582199617
25,1000,2134180890_5.698,"Bayesian logit model, beta ~ t(1, 0, 2.5)",MAP,highest density posterior interval,0.95,0.933,5.698,26.507890378868055,25.547775164495555,491.35851911652964,365.2139413630757,58.3069815360244,7.635900833302146,491.30021213499356,0.2414683862041249
25,1000,1346036931_5.7,"Bayesian logit model, beta ~ t(1, 0, 2.5)",MAP,highest density posterior interval,0.95,0.947,5.7,26.204404638112223,25.107748683299107,477.9168624691446,359.7263971598635,57.48625290570651,7.581968933311881,477.8593762162388,0.2397629097790284
25,1000,1403232972_5.758,"Bayesian logit model, beta ~ t(1, 0, 2.5)",MAP,highest density posterior interval,0.95,0.946,5.758,26.292569884137876,25.437111928091177,478.2788984775038,356.62677811979637,56.610338150961525,7.523984193960107,478.2222881393528,0.23792927132020036
25,1000,1991017924_5.807,"Bayesian logit model, beta ~ t(1, 0, 2.5)",MAP,highest density posterior interval,0.95,0.93,5.807,26.527015580364303,25.34940054997834,486.1456561715439,356.81101395495614,56.82661052100437,7.538342690605433,486.08882956102275,0.23838332685195154
25,1000,1792645336_5.865,"Bayesian logit model, beta ~ t(1, 0, 2.5)",MAP,highest density posterior interval,0.95,0.957,5.865,26.432167052868568,25.537341969734975,480.66495411294636,350.6763350872731,57.65659353234395,7.593193895347593,480.60729751941386,0.24011787424584607
25,1000,1898268017_5.887,"Bayesian logit model, beta ~ t(1, 0, 2.5)",MAP,highest density posterior interval,0.95,0.956,5.8870000000000005,26.768510565079968,25.914396312387815,493.38134205545686,354.7054622911494,57.343858575910595,7.572572784457776,493.32399819688095,0.23946577746289885
25,1000,1229341730_5.911,"Bayesian logit model, beta ~ t(1, 0, 2.5)",MAP,highest density posterior interval,0.95,0.942,5.911,26.32064222610187,25.420785408749268,466.0587096065065,345.28239259180975,49.505213809025925,7.0359941592518345,466.0092043926975,0.22249767146877275
25,1000,1515272734_5.919,"Bayesian logit model, beta ~ t(1, 0, 2.5)",MAP,highest density posterior interval,0.95,0.953,5.9190000000000005,26.112983210939653,25.30503890803742,461.83482524689055,341.1722117070392,54.037867323178,7.351045321801383,461.7807873795674,0.2324604640001779
25,1000,1581860201_5.971,"Bayesian logit model, beta ~ t(1, 0, 2.5)",MAP,highest density posterior interval,0.95,0.958,5.971,26.44359980565108,25.747088032063118,470.70995945417235,342.8671881703413,51.582616651827784,7.182103915415579,470.65837683752056,0.22711806764726533
25,1000,892668676_5.989,"Bayesian logit model, beta ~ t(1, 0, 2.5)",MAP,highest density posterior interval,0.95,0.942,5.989,26.311663500677053,25.40373087237166,465.30855562528143,339.33316915473455,52.29790386353019,7.2317289677870384,465.2562577214179,0.22868734959225487
25,1000,1677688340_3.75,"Bayesian logit model, beta ~ normal(0, 2.5)",MAP,highest density posterior interval,0.95,1,3.75,4.612414793974769,4.602477287789055,0.8488727629571673,22.997727839327165,0.10511348609062429,0.3242121004691594,0.8487676494710774,0.010252486824698889
25,1000,1233248129_3.799,"Bayesian logit model, beta ~ normal(0, 2.5)",MAP,highest density posterior interval,0.95,1,3.799,4.628979129499311,4.630848010839901,0.784672065207412,21.847305330331967,0.0958067098029778,0.30952658981576653,0.7845762584976091,0.009788090202024998
25,1000,1959011220_3.834,"Bayesian logit model, beta ~ normal(0, 2.5)",MAP,highest density posterior interval,0.95,1,3.834,4.625472098159414,4.630690073596532,0.7295999014780069,20.643508037543402,0.1031718193131417,0.32120370376622637,0.7294967296586943,0.010157352967832796
25,1000,336997539_3.951,"Bayesian logit model, beta ~ normal(0, 2.5)",MAP,highest density posterior interval,0.95,1,3.951,4.621189571065565,4.607692604890774,0.5465495301115368,16.96253027247696,0.09739546894649118,0.31208247138615647,0.5464521346425903,0.009868914273945801
25,1000,469923319_3.982,"Bayesian logit model, beta ~ normal(0, 2.5)",MAP,highest density posterior interval,0.95,1,3.982,4.621706568405752,4.6115750464405085,0.513352600312924,16.06495651445887,0.1041281066514607,0.32268886973594346,0.5132484722062725,0.010204318039509584
25,1000,1840780356_4.051,"Bayesian logit model, beta ~ normal(0, 2.5)",MAP,highest density posterior interval,0.95,1,4.051,4.631295721912599,4.637951928611504,0.43850736003467405,14.324752454026136,0.10176423516461006,0.3190050707506231,0.4384055957995097,0.010087826087151287
25,1000,2090300807_4.145,"Bayesian logit model, beta ~ normal(0, 2.5)",MAP,highest density posterior interval,0.95,1,4.145,4.633882908879584,4.632215361658723,0.3377570145171258,11.79452132399479,0.0987505159225619,0.31424594814024553,0.3376582640012031,0.009937329416023296
25,1000,1208125066_4.17,"Bayesian logit model, beta ~ normal(0, 2.5)",MAP,highest density posterior interval,0.95,1,4.17,4.602851539852214,4.592871951393489,0.28285787117508443,10.380132850172984,0.09549741562265171,0.30902656135460543,0.28276237375946206,0.009772277913703218
25,1000,679822524_4.231,"Bayesian logit model, beta ~ normal(0, 2.5)",MAP,highest density posterior interval,0.95,1,4.231,4.61978682293061,4.60398950410989,0.24553392658987097,9.189005505332325,0.09437873290539317,0.30721121871668877,0.24543954785696556,0.009714871739008868
25,1000,343040439_4.255,"Bayesian logit model, beta ~ normal(0, 2.5)",MAP,highest density posterior interval,0.95,1,4.255,4.616632235926473,4.594294155648786,0.22604918976004174,8.498994968894792,0.09527131569886137,0.3086605185294377,0.22595391844434282,0.00976070262321629
25,1000,905789905_4.295,"Bayesian logit model, beta ~ normal(0, 2.5)",MAP,highest density posterior interval,0.95,1,4.295,4.622578927645448,4.624028526542464,0.21012051331092518,7.626983181500546,0.10281255947358328,0.3206439762003698,0.21001770075145182,0.010139652828059908
25,1000,813235442_4.323,"Bayesian logit model, beta ~ normal(0, 2.5)",MAP,highest density posterior interval,0.95,1,4.323,4.636835440906224,4.6355919693242225,0.19010892949269198,7.259667844233708,0.09161624552388821,0.30268175617947013,0.19001731324716822,0.009571637557068706
25,1000,744326620_4.352,"Bayesian logit model, beta ~ normal(0, 2.5)",MAP,highest density posterior interval,0.95,1,4.352,4.640049853635138,4.630997423540214,0.17602733729639242,6.618792592719158,0.09305461911716817,0.30504855206535264,0.17593428267727507,0.009646482214629755
25,1000,512478579_4.373,"Bayesian logit model, beta ~ normal(0, 2.5)",MAP,highest density posterior interval,0.95,1,4.373,4.615737497346663,4.62379984644034,0.1642929082648163,5.55082317280271,0.10537141564669532,0.32460963578842716,0.1641875368491697,0.010265057995291373
25,1000,624190610_4.599,"Bayesian logit model, beta ~ normal(0, 2.5)",MAP,highest density posterior interval,0.95,1,4.599,4.638265368361654,4.623011604451937,0.10194576953202059,0.8537805688552558,0.10040400037944425,0.31686590283500726,0.10184536553164117,0.010020179658042278
25,1000,1842489076_4.621,"Bayesian logit model, beta ~ normal(0, 2.5)",MAP,highest density posterior interval,0.95,1,4.621,4.642166860673184,4.634822916421289,0.108509814571508,0.4580580106726462,0.10806177858075004,0.3287275141827195,0.10840175279292723,0.01039527674382698
25,1000,1497819352_4.692,"Bayesian logit model, beta ~ normal(0, 2.5)",MAP,highest density posterior interval,0.95,1,4.692,4.640562975012887,4.6388537317096965,0.09613986549295706,-1.096270779776487,0.09349409795343219,0.30576804599799534,0.09604637139500359,0.009669234610527981
25,1000,348718115_4.712,"Bayesian logit model, beta ~ normal(0, 2.5)",MAP,highest density posterior interval,0.95,1,4.712,4.654631752425537,4.650982788146027,0.10162577158240087,-1.217492520680441,0.09833465575263603,0.31358357060381215,0.10152743692664827,0.009916383199162689
25,1000,2081031682_4.743,"Bayesian logit model, beta ~ normal(0, 2.5)",MAP,highest density posterior interval,0.95,1,4.743,4.656658742914599,4.664011509872032,0.11079370806068231,-1.820393360434347,0.10333889538559501,0.32146367661929554,0.1106903691652967,0.010165574031287905
25,1000,1904431972_4.773,"Bayesian logit model, beta ~ normal(0, 2.5)",MAP,highest density posterior interval,0.95,1,4.773,4.623536990085699,4.624286493690512,0.12138558299275327,-3.1314269833291553,0.09904639166011102,0.3147163670038643,0.12128653660109327,0.00995220536665673
25,1000,1840263705_4.804,"Bayesian logit model, beta ~ normal(0, 2.5)",MAP,highest density posterior interval,0.95,1,4.804,4.637799762309692,4.637233887033153,0.12090439551849444,-3.4596219336034184,0.09328187651017948,0.3054208187242308,0.12081111364198431,0.009658254320019714
25,1000,1631990279_4.85,"Bayesian logit model, beta ~ normal(0, 2.5)",MAP,highest density posterior interval,0.95,1,4.85,4.632952949394645,4.626519149629978,0.15088706014274045,-4.475196919698032,0.10377763796625711,0.32214536775539254,0.15078328250477405,0.010187130997796048
25,1000,1103135698_4.901,"Bayesian logit model, beta ~ normal(0, 2.5)",MAP,highest density posterior interval,0.95,1,4.901,4.618050215906236,4.618048606294836,0.17584315005792617,-5.773307163716868,0.09578256973921873,0.30948759222175404,0.17574736748818692,0.009786856989821539
25,1000,1809214851_4.931,"Bayesian logit model, beta ~ normal(0, 2.5)",MAP,highest density posterior interval,0.95,1,4.931,4.628449924154098,4.602884146602191,0.19212367532694685,-6.13567381557295,0.10058712693258574,0.3171547365759902,0.19202308820001424,0.01002931338290841
25,1000,1754225243_4.947,"Bayesian logit model, beta ~ normal(0, 2.5)",MAP,highest density posterior interval,0.95,1,4.947,4.654789451009148,4.647205113871641,0.1865031767650872,-5.906823306869857,0.10111617182355224,0.3179876913082521,0.1864020605932638,0.010055653724326043
25,1000,523582794_4.952,"Bayesian logit model, beta ~ normal(0, 2.5)",MAP,highest density posterior interval,0.95,1,4.952,4.647283621277613,4.631535377116018,0.19940647826236169,-6.153400216526384,0.10655440680067664,0.32642672500988124,0.1992999238555612,0.010322519401806743
25,1000,1910492159_4.999,"Bayesian logit model, beta ~ normal(0, 2.5)",MAP,highest density posterior interval,0.95,1,4.9990000000000006,4.651325219128542,4.6537823634318976,0.2224264647326577,-6.954886594748122,0.1015487114786409,0.31866708565310115,0.22232491602117904,0.010077138059917652
25,1000,1928703996_5.065,"Bayesian logit model, beta ~ normal(0, 2.5)",MAP,highest density posterior interval,0.95,1,5.0649999999999995,4.652641137119514,4.661307283926254,0.27962370211776355,-8.141339839693696,0.10958387032167649,0.33103454551100325,0.2795141182474415,0.010468231480134383
25,1000,1222328524_5.112,"Bayesian logit model, beta ~ normal(0, 2.5)",MAP,highest density posterior interval,0.95,1,5.112,4.646712000654703,4.649852332338773,0.31408219987197883,-9.101877921465128,0.09758927753722954,0.31239282568143195,0.3139846105944419,0.00987872853849267
25,1000,127733165_5.172,"Bayesian logit model, beta ~ normal(0, 2.5)",MAP,highest density posterior interval,0.95,1,5.172000000000001,4.643414767159273,4.647341845400504,0.3740434770787219,-10.220132112156378,0.09464112870143558,0.30763798319036545,0.37394883595002065,0.009728367216621481
25,1000,836169130_5.174,"Bayesian logit model, beta ~ normal(0, 2.5)",MAP,highest density posterior interval,0.95,1,5.1739999999999995,4.644351728621373,4.645379448349536,0.3848704932984787,-10.236727316942906,0.10434320192411194,0.32302198365453694,0.38476615009655435,0.010214852026540176
25,1000,1391808131_5.253,"Bayesian logit model, beta ~ normal(0, 2.5)",MAP,highest density posterior interval,0.95,1,5.253,4.658767862315203,4.662596297233712,0.45720506337493677,-11.312243245474907,0.10409322991749353,0.3226348244029053,0.45710097014501916,0.010202608976016554
25,1000,1586431781_5.289,"Bayesian logit model, beta ~ normal(0, 2.5)",MAP,highest density posterior interval,0.95,1,5.289,4.656714574814042,4.657796558564214,0.5010791299091838,-11.954725376932462,0.10129427100659613,0.3182676091068586,0.500977835638177,0.010064505502338212
25,1000,1463422767_5.355,"Bayesian logit model, beta ~ normal(0, 2.5)",MAP,highest density posterior interval,0.95,1,5.355,4.6558240481395385,4.650518299188397,0.5835067921130542,-13.056507037543641,0.09465978045307134,0.3076682961454939,0.5834121323326017,0.009729325796429645
25,1000,1453238298_5.368,"Bayesian logit model, beta ~ normal(0, 2.5)",MAP,highest density posterior interval,0.95,1,5.368,4.655590810221276,4.653701261468192,0.6023888319210875,-13.271408155341359,0.09486197823990893,0.30799671790444283,0.6022939699428476,0.009739711404344018
25,1000,947900364_5.376,"Bayesian logit model, beta ~ normal(0, 2.5)",MAP,highest density posterior interval,0.95,1,5.3759999999999994,4.640110765727255,4.634924066180873,0.6359493769687699,-13.688415816085275,0.09441641185024349,0.307272536765399,0.6358549605569195,0.009716810785964883
25,1000,983682871_5.384,"Bayesian logit model, beta ~ normal(0, 2.5)",MAP,highest density posterior interval,0.95,1,5.384,4.6471421235389965,4.639685013472534,0.6461524722156319,-13.686067541994873,0.10319294211301189,0.32123658277508166,0.6460492792735195,0.010158392693384711
25,1000,667057388_5.414,"Bayesian logit model, beta ~ normal(0, 2.5)",MAP,highest density posterior interval,0.95,1,5.414,4.642796744617173,4.644542543969355,0.6847456851633575,-14.244611292627019,0.08999122405028802,0.2999853730605678,0.6846556939393077,0.009486370436067107
25,1000,443293449_5.429,"Bayesian logit model, beta ~ normal(0, 2.5)",MAP,highest density posterior interval,0.95,1,5.429,4.657170220355966,4.657320809133999,0.6967973284355329,-14.216794614920502,0.1010761196901746,0.3179247075805443,0.696696252315843,0.010053662003975198
25,1000,1353128989_5.453,"Bayesian logit model, beta ~ normal(0, 2.5)",MAP,highest density posterior interval,0.95,1,5.453,4.641812800432944,4.648823732165069,0.7546870880455621,-14.875980186448867,0.09666241530411845,0.3109057981191706,0.7545904256302572,0.009831704598090733
25,1000,1128366379_5.495,"Bayesian logit model, beta ~ normal(0, 2.5)",MAP,highest density posterior interval,0.95,1,5.495,4.650149085740504,4.659897995749312,0.8071739051514553,-15.374902898261977,0.09340083782634948,0.30561550652142877,0.8070805043136295,0.009664410888737578
25,1000,971755380_5.579,"Bayesian logit model, beta ~ normal(0, 2.5)",MAP,highest density posterior interval,0.95,1,5.579000000000001,4.65475925656199,4.652999420908708,0.9533946678138081,-16.56642307650136,0.09917371598296112,0.31491858627740776,0.9532954940978255,0.00995860010156855
25,1000,1631382838_5.581,"Bayesian logit model, beta ~ normal(0, 2.5)",MAP,highest density posterior interval,0.95,1,5.5809999999999995,4.634890300763398,4.641629225601568,0.9998798563357246,-16.952332901569644,0.10475629334615143,0.32366076893276924,0.9997751000423785,0.01023505219069016
25,1000,396844060_5.582,"Bayesian logit model, beta ~ normal(0, 2.5)",MAP,highest density posterior interval,0.95,1,5.582000000000001,4.642622815508325,4.633063616908746,0.9847677106151292,-16.828684781291216,0.10233821587162166,0.31990344773325224,0.9846653723992573,0.010116235261777063
25,1000,561554120_5.676,"Bayesian logit model, beta ~ normal(0, 2.5)",MAP,highest density posterior interval,0.95,1,5.676,4.6511562800411514,4.641038367303521,1.150061122143306,-18.05573854754843,0.09975647180421467,0.31584247941689964,1.1499613656715013,0.009987816167922528
25,1000,2134180890_5.698,"Bayesian logit model, beta ~ normal(0, 2.5)",MAP,highest density posterior interval,0.95,1,5.698,4.644095993361289,4.638339869918473,1.2117788632819178,-18.49603381254319,0.10106520807278935,0.3179075464231533,1.2116777980738447,0.010053119320528795
25,1000,1346036931_5.7,"Bayesian logit model, beta ~ normal(0, 2.5)",MAP,highest density posterior interval,0.95,1,5.7,4.650923492458154,4.641330361995938,1.2026348656916612,-18.404851009506075,0.10207334701546368,0.3194891970246626,1.2025327923446447,0.010103135504162244
25,1000,1403232972_5.758,"Bayesian logit model, beta ~ normal(0, 2.5)",MAP,highest density posterior interval,0.95,1,5.758,4.671250196333469,4.659731735321839,1.2906601379142784,-18.873737472499663,0.10963500214503491,0.3311117668477442,1.290550502912133,0.010470673433215024
25,1000,1991017924_5.807,"Bayesian logit model, beta ~ normal(0, 2.5)",MAP,highest density posterior interval,0.95,1,5.807,4.661555299429895,4.665161860599598,1.407051085860856,-19.725240237129416,0.0950075237967176,0.30823290511676005,1.4069560783370592,0.0097471802997953
25,1000,1792645336_5.865,"Bayesian logit model, beta ~ normal(0, 2.5)",MAP,highest density posterior interval,0.95,1,5.865,4.6497745506060015,4.642101993281919,1.5742355435375293,-20.71995651140662,0.0974626506826832,0.31219008741900056,1.5741380808868468,0.00987231739171119
25,1000,1898268017_5.887,"Bayesian logit model, beta ~ normal(0, 2.5)",MAP,highest density posterior interval,0.95,1,5.8870000000000005,4.651628346285304,4.639811461482212,1.6270302616998655,-20.98474016841678,0.10088713889808189,0.31762735854784596,1.626929374560968,0.010044259001941452
25,1000,1229341730_5.911,"Bayesian logit model, beta ~ normal(0, 2.5)",MAP,highest density posterior interval,0.95,1,5.911,4.666637618124923,4.654327698226659,1.6563898593165884,-21.051639009898093,0.1079521218907755,0.3285606822046355,1.6562819071946966,0.010390001053454013
25,1000,1515272734_5.919,"Bayesian logit model, beta ~ normal(0, 2.5)",MAP,highest density posterior interval,0.95,1,5.9190000000000005,4.647632144171598,4.642818008844683,1.7052810743897486,-21.479436658699147,0.0889048495560389,0.29816916265106774,1.7051921695401921,0.009428936820025834
25,1000,1581860201_5.971,"Bayesian logit model, beta ~ normal(0, 2.5)",MAP,highest density posterior interval,0.95,1,5.971,4.663985757902462,4.660352160190151,1.8079406300179972,-21.88936932000566,0.0996544009721952,0.31568085303387533,1.8078409756170257,0.009982705092919214
25,1000,892668676_5.989,"Bayesian logit model, beta ~ normal(0, 2.5)",MAP,highest density posterior interval,0.95,1,5.989,4.642816851623342,4.643915775096832,1.917681079362246,-22.477594729949203,0.10547201038895614,0.3247645460775485,1.9175756073518575,0.01026995668875756
25,1000,1677688340_3.75,"Bayesian logit model, beta ~ t(7, 0)",MAP,highest density posterior interval,0.95,1,3.75,5.2906508186460215,5.2561878288088995,2.6132815550288138,41.084021830560566,0.23967661003415766,0.4895677787948852,2.6130418784187803,0.015481492500213204
25,1000,1233248129_3.799,"Bayesian logit model, beta ~ t(7, 0)",MAP,highest density posterior interval,0.95,1,3.799,5.302389325713641,5.274161068580395,2.500463757896304,39.573291016415915,0.2402842932265881,0.4901880182405401,2.5002234736030764,0.0155011061936427
25,1000,1959011220_3.834,"Bayesian logit model, beta ~ t(7, 0)",MAP,highest density posterior interval,0.95,1,3.834,5.306247764913766,5.284844960754189,2.412834967495081,38.39978520901841,0.24532148620150154,0.4952993904715627,2.4125896460088807,0.015662741975832378
25,1000,336997539_3.951,"Bayesian logit model, beta ~ t(7, 0)",MAP,highest density posterior interval,0.95,1,3.951,5.300532261317361,5.294620160462355,2.0650291442395536,34.15672643172263,0.24379181990320356,0.4937527922991459,2.064785352419651,0.01561383424733347
25,1000,469923319_3.982,"Bayesian logit model, beta ~ t(7, 0)",MAP,highest density posterior interval,0.95,1,3.982,5.310681036440692,5.271514352776938,2.0017531075157398,33.36717821297568,0.23635981091862887,0.48616850054135435,2.001516747704822,0.015373997883394835
25,1000,1840780356_4.051,"Bayesian logit model, beta ~ t(7, 0)",MAP,highest density posterior interval,0.95,1,4.051,5.338879737286115,5.302581185030032,1.8896775344794787,31.791649895979134,0.23104331676732612,0.480669654510586,1.8894464911627118,0.015200109103796792
25,1000,2090300807_4.145,"Bayesian logit model, beta ~ t(7, 0)",MAP,highest density posterior interval,0.95,1,4.145,5.3062341845606795,5.278199982711149,1.5783190898476922,28.0152999894012,0.22985425845538482,0.4794311821892531,1.5780892355892366,0.015160945170251914
25,1000,1208125066_4.17,"Bayesian logit model, beta ~ t(7, 0)",MAP,highest density posterior interval,0.95,1,4.17,5.30159050139196,5.273877749467136,1.5065028589605998,27.13646286311655,0.2260057961200922,0.47540066903622696,1.5062768531644803,0.01503348915322362
25,1000,679822524_4.231,"Bayesian logit model, beta ~ t(7, 0)",MAP,highest density posterior interval,0.95,1,4.231,5.307885753847294,5.281876630562369,1.3830011848028017,25.452274966846943,0.22331825796354732,0.4725656123371096,1.3827778665448371,0.014943836788574324
25,1000,343040439_4.255,"Bayesian logit model, beta ~ t(7, 0)",MAP,highest density posterior interval,0.95,1,4.255,5.291632814647365,5.254537057959784,1.2891968659738142,24.362698346589063,0.21458927357009663,0.4632378153498445,1.2889822767002441,0.01464886594826018
25,1000,905789905_4.295,"Bayesian logit model, beta ~ t(7, 0)",MAP,highest density posterior interval,0.95,1,4.295,5.304820617801821,5.265710118638088,1.2533014085034733,23.51153941331363,0.2335637283658224,0.4832843142145443,1.253067844775108,0.01528279190350449
25,1000,813235442_4.323,"Bayesian logit model, beta ~ t(7, 0)",MAP,highest density posterior interval,0.95,1,4.323,5.316669775460406,5.309401677707909,1.2133328560470684,22.985652913726717,0.2259532333835352,0.47534538325678016,1.2131069028136852,0.015031740863370923
25,1000,744326620_4.352,"Bayesian logit model, beta ~ t(7, 0)",MAP,highest density posterior interval,0.95,1,4.352,5.321867522597372,5.295274915615083,1.1699338799463115,22.285558883211664,0.22929086855714872,0.47884326094991536,1.169704589077754,0.01514235346824095
25,1000,512478579_4.373,"Bayesian logit model, beta ~ t(7, 0)",MAP,highest density posterior interval,0.95,1,4.373,5.286552820484292,5.259213327271597,1.079810677763369,20.890757385874515,0.24523192194856339,0.49520896796056046,1.0795654458414194,0.01565988256496719
25,1000,624190610_4.599,"Bayesian logit model, beta ~ t(7, 0)",MAP,highest density posterior interval,0.95,1,4.599,5.317601867169537,5.29130344373092,0.7510718793437399,15.625176498576575,0.23468323584419548,0.48444115828880135,0.7508371961078952,0.015319374525227704
25,1000,1842489076_4.621,"Bayesian logit model, beta ~ t(7, 0)",MAP,highest density posterior interval,0.95,1,4.621,5.322888952895474,5.3066234305910065,0.7285214108497782,15.189113890834749,0.23587330865307343,0.4856678995497576,0.7282855375411248,0.01535816749007099
25,1000,1497819352_4.692,"Bayesian logit model, beta ~ t(7, 0)",MAP,highest density posterior interval,0.95,1,4.692,5.331917521382868,5.303851582051452,0.6334050727607156,13.638480847887212,0.22391063858792218,0.47319196800867425,0.6331811621221276,0.01496364389404941
25,1000,348718115_4.712,"Bayesian logit model, beta ~ t(7, 0)",MAP,highest density posterior interval,0.95,1,4.712,5.333444775222494,5.283832391805451,0.6373918444324511,13.188556350222713,0.2511982357811144,0.5011968034426341,0.6371406461966695,0.01584923454874444
25,1000,2081031682_4.743,"Bayesian logit model, beta ~ t(7, 0)",MAP,highest density posterior interval,0.95,1,4.743,5.329404394542781,5.32752740023316,0.5634592675295074,12.36357568085138,0.21958915359042228,0.4686034075744886,0.5632396783759175,0.014818540872515832
25,1000,1904431972_4.773,"Bayesian logit model, beta ~ t(7, 0)",MAP,highest density posterior interval,0.95,1,4.773,5.3081153127329195,5.282418442579672,0.5267862731953797,11.211299240161733,0.24043787527412916,0.49034464948047424,0.526545835320106,0.015506059308351982
25,1000,1840263705_4.804,"Bayesian logit model, beta ~ t(7, 0)",MAP,highest density posterior interval,0.95,1,4.804,5.319596712277412,5.285802829416195,0.49297150065947815,10.73265429386785,0.2271315309482021,0.47658318366073527,0.4927443691285302,0.01507088354902267
25,1000,1631990279_4.85,"Bayesian logit model, beta ~ t(7, 0)",MAP,highest density posterior interval,0.95,1,4.85,5.330101908644836,5.319544989139875,0.4729897901380171,9.899008425666732,0.24249194745360256,0.49243471389982507,0.4727472981905634,0.015572152948568242
25,1000,1103135698_4.901,"Bayesian logit model, beta ~ t(7, 0)",MAP,highest density posterior interval,0.95,1,4.901,5.286733692208197,5.248990596649472,0.37271053630007267,7.870509940995674,0.22392005499550421,0.4732019177851081,0.37248661624507723,0.014963958533606816
25,1000,1809214851_4.931,"Bayesian logit model, beta ~ t(7, 0)",MAP,highest density posterior interval,0.95,1,4.931,5.311917197495338,5.295005413811289,0.3730989254552054,7.7249482355574495,0.22800101410750337,0.4774945173585801,0.37287092444109776,0.015099702450959204
25,1000,1754225243_4.947,"Bayesian logit model, beta ~ t(7, 0)",MAP,highest density posterior interval,0.95,1,4.947,5.344596444357077,5.308499756919769,0.39414945869387746,8.037122384416339,0.2360665261284876,0.4858667781691681,0.393913392167749,0.01536445658422346
25,1000,523582794_4.952,"Bayesian logit model, beta ~ t(7, 0)",MAP,highest density posterior interval,0.95,1,4.952,5.35565695811888,5.346724542839302,0.4095343843789553,8.151392530672052,0.246595444541168,0.4965837739406796,0.40928778893441436,0.015703357747347158
25,1000,1910492159_4.999,"Bayesian logit model, beta ~ t(7, 0)",MAP,highest density posterior interval,0.95,1,4.9990000000000006,5.341374960548359,5.33064440293327,0.3513467118864938,6.848868984764134,0.23412609827600367,0.48386578539508623,0.35111258578821786,0.015301179636747085
25,1000,1928703996_5.065,"Bayesian logit model, beta ~ t(7, 0)",MAP,highest density posterior interval,0.95,1,5.0649999999999995,5.352055238686037,5.344718060191557,0.32492766683386115,5.667428207029368,0.2425269567767631,0.49247025978911974,0.3246851398770846,0.015573277008284515
25,1000,1222328524_5.112,"Bayesian logit model, beta ~ t(7, 0)",MAP,highest density posterior interval,0.95,1,5.112,5.344847302256302,5.326570794439466,0.2988109017523649,4.554915928331416,0.24459303558432713,0.49456347983279875,0.2985663087167806,0.015639470438103945
25,1000,127733165_5.172,"Bayesian logit model, beta ~ t(7, 0)",MAP,highest density posterior interval,0.95,1,5.172000000000001,5.375439860213403,5.353516877064179,0.2767902407416512,3.933485309617213,0.23540246401800258,0.48518291810203146,0.27655483827763316,0.015342831030093585
25,1000,836169130_5.174,"Bayesian logit model, beta ~ t(7, 0)",MAP,highest density posterior interval,0.95,1,5.1739999999999995,5.343683655231809,5.310782481447474,0.25468956711794827,3.279544940699841,0.22589702426512076,0.47528625507700173,0.2544636700936832,0.015029871066150925
25,1000,1391808131_5.253,"Bayesian logit model, beta ~ t(7, 0)",MAP,highest density posterior interval,0.95,1,5.253,5.329920621615431,5.317679725575726,0.2384021196473163,1.4643179443257326,0.23248533761761206,0.48216733362766506,0.23816963430969862,0.01524746987593719
25,1000,1586431781_5.289,"Bayesian logit model, beta ~ t(7, 0)",MAP,highest density posterior interval,0.95,1,5.289,5.369955776175893,5.348236291860614,0.23798126348113033,1.5306442839079892,0.23142742578488892,0.4810690447169605,0.23774983605534536,0.015212738931069874
25,1000,1463422767_5.355,"Bayesian logit model, beta ~ t(7, 0)",MAP,highest density posterior interval,0.95,1,5.355,5.364242156571385,5.340425682919513,0.24973656600166153,0.17258929171586335,0.24965114854357154,0.49965102676125017,0.24948691485311797,0.015800352798072945
25,1000,1453238298_5.368,"Bayesian logit model, beta ~ t(7, 0)",MAP,highest density posterior interval,0.95,1,5.368,5.355654752140789,5.319643871889445,0.2387121596438951,-0.22997853687055647,0.23855975449918976,0.48842579221330007,0.23847359988939593,0.015445379713661616
25,1000,947900364_5.376,"Bayesian logit model, beta ~ t(7, 0)",MAP,highest density posterior interval,0.95,1,5.3759999999999994,5.335494016217512,5.317209521097711,0.23118016507382805,-0.7534595197635219,0.22953943035164096,0.47910273465264314,0.23095062564347646,0.015150558747176322
25,1000,983682871_5.384,"Bayesian logit model, beta ~ t(7, 0)",MAP,highest density posterior interval,0.95,1,5.384,5.323256128876046,5.3044290988287655,0.2442619764124501,-1.128229404233927,0.24057215853332647,0.4904815577912451,0.24402140425391677,0.015510388729278403
25,1000,667057388_5.414,"Bayesian logit model, beta ~ t(7, 0)",MAP,highest density posterior interval,0.95,1,5.414,5.325393226250078,5.299841660268113,0.22977785920440563,-1.6366230836705076,0.22192669885003585,0.47109096664024014,0.22955593250555553,0.014897204397135587
25,1000,443293449_5.429,"Bayesian logit model, beta ~ t(7, 0)",MAP,highest density posterior interval,0.95,1,5.429,5.360765444229448,5.367703099938536,0.23235357575341592,-1.2568531178956066,0.22769762115221126,0.477176718996444,0.23212587813226368,0.015089652784348992
25,1000,1353128989_5.453,"Bayesian logit model, beta ~ t(7, 0)",MAP,highest density posterior interval,0.95,1,5.453,5.32557672595141,5.303468239166993,0.24535617737371715,-2.3367554382649924,0.229119486604455,0.4786642733737865,0.24512705788711264,0.01513669338410655
25,1000,1128366379_5.495,"Bayesian logit model, beta ~ t(7, 0)",MAP,highest density posterior interval,0.95,1,5.495,5.345147856700403,5.323919190281144,0.27118526676041677,-2.7270635723311565,0.24872960190893378,0.49872798388393424,0.27093653715850796,0.015771163619369807
25,1000,971755380_5.579,"Bayesian logit model, beta ~ t(7, 0)",MAP,highest density posterior interval,0.95,1,5.579000000000001,5.363895449352657,5.340159540594786,0.2978260773519122,-3.8556112322520875,0.25155610964271646,0.5015536956724738,0.29757452124226946,0.015860520471999536
25,1000,1631382838_5.581,"Bayesian logit model, beta ~ t(7, 0)",MAP,highest density posterior interval,0.95,1,5.5809999999999995,5.326789319266113,5.314136468108007,0.3145731421800913,-4.554930670737978,0.24995007198090527,0.4999500694878492,0.31432319210811044,0.015809809359410544
25,1000,396844060_5.582,"Bayesian logit model, beta ~ t(7, 0)",MAP,highest density posterior interval,0.95,1,5.582000000000001,5.346939108417662,5.323846012896167,0.3123305103385435,-4.211051443610502,0.2570768875870596,0.5070275018054342,0.31207343345095623,0.016033617420503073
25,1000,561554120_5.676,"Bayesian logit model, beta ~ t(7, 0)",MAP,highest density posterior interval,0.95,1,5.676,5.338826045493946,5.308084672336968,0.33999759229371895,-5.940344512086937,0.226311316696468,0.47572189007493443,0.3397712809770224,0.015043647054370427
25,1000,2134180890_5.698,"Bayesian logit model, beta ~ t(7, 0)",MAP,highest density posterior interval,0.95,1,5.698,5.34927560745296,5.318977599589214,0.36923331954469946,-6.120119209319763,0.2476246175873974,0.4976189481796261,0.36898569492711203,0.01573609283104918
25,1000,1346036931_5.7,"Bayesian logit model, beta ~ t(7, 0)",MAP,highest density posterior interval,0.95,1,5.7,5.354902492466684,5.326511919185778,0.3670357805756075,-6.0543422374265905,0.24794349086990053,0.4979392441552489,0.3667878370847378,0.015746221479132717
25,1000,1403232972_5.758,"Bayesian logit model, beta ~ t(7, 0)",MAP,highest density posterior interval,0.95,1,5.758,5.37967352135319,5.350319311320538,0.3937857304049699,-6.570449438117565,0.250654805959675,0.500654377749436,0.3935350755990099,0.015832081542225426
25,1000,1991017924_5.807,"Bayesian logit model, beta ~ t(7, 0)",MAP,highest density posterior interval,0.95,1,5.807,5.351848452381663,5.346727686671235,0.4642474167618856,-7.83798084412497,0.2570844854625181,0.5070349943174712,0.4639903322764234,0.016033854354537403
25,1000,1792645336_5.865,"Bayesian logit model, beta ~ t(7, 0)",MAP,highest density posterior interval,0.95,1,5.865,5.355722356024125,5.322181711328118,0.49187652420381794,-8.68333578816497,0.2325128055501996,0.48219581660379385,0.4916440113982675,0.015248370586728262
25,1000,1898268017_5.887,"Bayesian logit model, beta ~ t(7, 0)",MAP,highest density posterior interval,0.95,1,5.8870000000000005,5.351244845263972,5.327945290768031,0.5400225081551175,-9.100648118498867,0.25298892232889175,0.5029800416804744,0.5397695192327888,0.015905625493167246
25,1000,1229341730_5.911,"Bayesian logit model, beta ~ t(7, 0)",MAP,highest density posterior interval,0.95,1,5.911,5.399929423736023,5.368706264344873,0.5044158136492505,-8.646093322009406,0.24322267972645772,0.49317611431055514,0.5041725909695237,0.015595598088129155
25,1000,1515272734_5.919,"Bayesian logit model, beta ~ t(7, 0)",MAP,highest density posterior interval,0.95,1,5.9190000000000005,5.345523639087746,5.333867540276465,0.5514498752560812,-9.688737302116134,0.22257473873091915,0.47177827284744595,0.5512273005173504,0.014918938927783006
25,1000,1581860201_5.971,"Bayesian logit model, beta ~ t(7, 0)",MAP,highest density posterior interval,0.95,1,5.971,5.373051967518574,5.343318289907549,0.5888998619757985,-10.014202520204762,0.2313580124273898,0.48099689440514043,0.588668503963371,0.015210457337877445
25,1000,892668676_5.989,"Bayesian logit model, beta ~ t(7, 0)",MAP,highest density posterior interval,0.95,1,5.989,5.334881234070114,5.323758241845149,0.6523386992692226,-10.922003104523059,0.22446733932758542,0.47377984267757256,0.6521142319298956,0.01498223412337377
25,1000,1677688340_3.75,MLE lpm,MLE,wald,0.95,NA,3.75,0.40134034120131584,0.3945434594243533,-3.348659658798684,-89.29759090129824,0.003364432111874672,0.05800372498275151,11.216885942577594,0.0018342388371950563
25,1000,1233248129_3.799,MLE lpm,MLE,wald,0.95,NA,3.799,0.4027241307056738,0.3961567926354377,-3.396275869294326,-89.39920687797647,0.0034550746157349516,0.0587798827468629,11.538144854966664,0.001858783100777213
25,1000,1959011220_3.834,MLE lpm,MLE,wald,0.95,NA,3.834,0.4020797420025979,0.39550614629188596,-3.431920257997402,-89.51278711521654,0.003661958665914392,0.06051411955828484,11.781738615918869,0.0019136244840392254
25,1000,336997539_3.951,MLE lpm,MLE,wald,0.95,NA,3.951,0.40341986027864435,0.3965953720665141,-3.5475801397213558,-89.78942393625299,0.00362441012628253,0.06020307406007213,12.588949257871676,0.0019037883617362855
25,1000,469923319_3.982,MLE lpm,MLE,wald,0.95,NA,3.982,0.4035648126633377,0.39818906677355526,-3.5784351873366624,-89.86527341377855,0.003507868774520323,0.05922726377708431,12.808706258743694,0.0018729305311517357
25,1000,1840780356_4.051,MLE lpm,MLE,wald,0.95,NA,4.051,0.40407724806986134,0.3990107316595443,-3.6469227519301386,-90.02524690027496,0.003195490462989697,0.05652866938987417,13.303241049008685,0.0017875934837064318
25,1000,2090300807_4.145,MLE lpm,MLE,wald,0.95,NA,4.145,0.40210913550013305,0.3943936712143293,-3.7428908644998664,-90.2989352110945,0.0033144389553367987,0.05757116426942223,14.012546462511894,0.0018205600663907793
25,1000,1208125066_4.17,MLE lpm,MLE,wald,0.95,NA,4.17,0.3996517866574998,0.3940873756329605,-3.7703482133425004,-90.41602430077938,0.003482984156865996,0.059016812493271745,14.219008634011852,0.0018662754772181935
25,1000,679822524_4.231,MLE lpm,MLE,wald,0.95,NA,4.231,0.4029529275026384,0.3971605008017196,-3.8280470724973616,-90.47617755843444,0.003379712544285902,0.0581352951681326,14.657324101799906,0.0018383994517748045
25,1000,343040439_4.255,MLE lpm,MLE,wald,0.95,NA,4.255,0.4041544225753687,0.39815640019366116,-3.8508455774246313,-90.50165869388087,0.0034148206448984778,0.05843646673865967,14.832426481815741,0.0018479233330683602
25,1000,905789905_4.295,MLE lpm,MLE,wald,0.95,NA,4.295,0.402363806292495,0.3973606957271536,-3.8926361937075047,-90.63180893381852,0.0033232181654608748,0.057647360437932234,15.155939754727111,0.0018229696008054755
25,1000,813235442_4.323,MLE lpm,MLE,wald,0.95,NA,4.323,0.40350573512683235,0.39827659220372347,-3.919494264873168,-90.66607135954587,0.003505672297249015,0.059208718084831184,15.365940964670905,0.0018723440648686918
25,1000,744326620_4.352,MLE lpm,MLE,wald,0.95,NA,4.352,0.4038088825651639,0.39721230812390174,-3.9481911174348365,-90.72130324988134,0.003511040036321521,0.059254029705341736,15.591724139827665,0.0018737769441215571
25,1000,512478579_4.373,MLE lpm,MLE,wald,0.95,NA,4.373,0.40255812766455146,0.3957238083245721,-3.970441872335449,-90.79446312223756,0.0036653087132867204,0.06054179311258232,15.768073970307912,0.0019144995986645494
25,1000,624190610_4.599,MLE lpm,MLE,wald,0.95,NA,4.599,0.4018756559231683,0.39526300020132876,-4.1971243440768315,-91.26167306103135,0.003362554284913239,0.057987535599585874,17.619215313927285,0.0018337268839478903
25,1000,1842489076_4.621,MLE lpm,MLE,wald,0.95,NA,4.621,0.402138976022183,0.3978283117973016,-4.2188610239778175,-91.29757680107807,0.003070013905765891,0.05540770619476943,17.801858353544926,0.001752145515008925
25,1000,1497819352_4.692,MLE lpm,MLE,wald,0.95,NA,4.692,0.4022721131185976,0.39642805409626325,-4.289727886881402,-91.42642555160704,0.0035693307493515703,0.059743876249801285,18.40533467423733,0.0018892672519661082
25,1000,348718115_4.712,MLE lpm,MLE,wald,0.95,NA,4.712,0.40663001156837186,0.4031720935691414,-4.305369988431628,-91.37033082410076,0.0034305275402155876,0.05857070547821315,18.53964126482797,0.0018521683347405516
25,1000,2081031682_4.743,MLE lpm,MLE,wald,0.95,NA,4.743,0.4023990113165856,0.3959167159680537,-4.3406009886834145,-91.51593904034185,0.003496537608765577,0.0591315280435537,18.8443134805682,0.001869903101437499
25,1000,1904431972_4.773,MLE lpm,MLE,wald,0.95,NA,4.773,0.4030105658709208,0.3964673117369635,-4.369989434129079,-91.55645158451873,0.003359532125835645,0.05796147104616691,19.10016718652562,0.0018329026503978998
25,1000,1840263705_4.804,MLE lpm,MLE,wald,0.95,NA,4.804,0.4041135652495532,0.39816406592571857,-4.399886434750447,-91.58797740945977,0.003492770779372773,0.05909966818327132,19.362493409480372,0.0018688956041932286
25,1000,1631990279_4.85,MLE lpm,MLE,wald,0.95,NA,4.85,0.40334926864170745,0.3972873606262417,-4.446650731358292,-91.68352023419159,0.0035547039753635675,0.05962133825538947,19.7762574306646,0.001885392260343605
25,1000,1103135698_4.901,MLE lpm,MLE,wald,0.95,NA,4.901,0.40399546768249733,0.39794843545767955,-4.4970045323175025,-91.75687680713125,0.0033986706914431323,0.05829811910725021,20.2264484343756,0.001843548396826927
25,1000,1809214851_4.931,MLE lpm,MLE,wald,0.95,NA,4.931,0.4062940890410027,0.40148756524293283,-4.524705910958997,-91.76041190344752,0.003772612426225775,0.06142159576424057,20.47673619309351,0.001942321401371507
25,1000,1754225243_4.947,MLE lpm,MLE,wald,0.95,NA,4.947,0.40746766329377354,0.4009686536976155,-4.539532336706227,-91.7633381181772,0.0037473498908636538,0.06121560169485924,20.611101185892363,0.0019358072969341896
25,1000,523582794_4.952,MLE lpm,MLE,wald,0.95,NA,4.952,0.40570684030502757,0.3979923370435384,-4.546293159694972,-91.80721243325874,0.003917035669866028,0.06258622587970958,20.67269852955916,0.001979150239336577
25,1000,1910492159_4.999,MLE lpm,MLE,wald,0.95,NA,4.9990000000000006,0.4044408152266247,0.40034782338039665,-4.5945591847733755,-91.90956560858923,0.0036634603142298807,0.06052652570757618,21.113637562699616,0.0019140168009267528
25,1000,1928703996_5.065,MLE lpm,MLE,wald,0.95,NA,5.0649999999999995,0.40640156309034886,0.4017197708296385,-4.65859843690965,-91.97627713543241,0.003442994231956734,0.05867703325796844,21.705982390608995,0.0018555307143663063
25,1000,1222328524_5.112,MLE lpm,MLE,wald,0.95,NA,5.112,0.4054543249012573,0.40107182614806,-4.7065456750987424,-92.06857736891124,0.003465593397679042,0.058869290786275334,22.155037785188355,0.001861610431233947
25,1000,127733165_5.172,MLE lpm,MLE,wald,0.95,NA,5.172000000000001,0.4071795710399953,0.4005835355576264,-4.764820428960006,-92.1272318051045,0.003280903654390041,0.05727917295483622,22.706794623889,0.001811326490279994
25,1000,836169130_5.174,MLE lpm,MLE,wald,0.95,NA,5.1739999999999995,0.40402572026589695,0.3971955807528088,-4.769974279734103,-92.19123076409167,0.003887279443075491,0.06234805083621693,22.756541908767947,0.0019716184831441125
25,1000,1391808131_5.253,MLE lpm,MLE,wald,0.95,NA,5.253,0.40406263207903753,0.3982733282481583,-4.848937367920962,-92.3079643617164,0.0035806854754347655,0.059838829161630205,23.515774283495706,0.0018922699266845536
25,1000,1586431781_5.289,MLE lpm,MLE,wald,0.95,NA,5.289,0.40707150462329006,0.3999243644488172,-4.88192849537671,-92.30343156318226,0.0035482018037466976,0.05956678439992122,23.83677403577485,0.001883667115959372
25,1000,1463422767_5.355,MLE lpm,MLE,wald,0.95,NA,5.355,0.4030854723324166,0.39589416001312994,-4.951914527667584,-92.47272694057112,0.0036365622234823146,0.0603039154904747,24.525094051548752,0.0019069772477621004
25,1000,1453238298_5.368,MLE lpm,MLE,wald,0.95,NA,5.368,0.40448828272364806,0.3985770140306423,-4.9635117172763525,-92.46482334717496,0.003534179058938161,0.059448961798656844,24.639982746598584,0.0018799412381609593
25,1000,947900364_5.376,MLE lpm,MLE,wald,0.95,NA,5.3759999999999994,0.40081150349580985,0.39498880797181957,-4.97518849650419,-92.54442887842616,0.003411657582762249,0.058409396356769935,24.755912233330385,0.001847067292429339
25,1000,983682871_5.384,MLE lpm,MLE,wald,0.95,NA,5.384,0.40825591548470264,0.40163359385934166,-4.975744084515298,-92.41723782532128,0.003958748116377459,0.06291858323561854,24.761987942705357,0.001989660301754412
25,1000,667057388_5.414,MLE lpm,MLE,wald,0.95,NA,5.414,0.4050497064344917,0.39876721387627134,-5.008950293565508,-92.51847605403599,0.003471747012259111,0.0589215326706554,25.09305479042225,0.0018632624646729489
25,1000,443293449_5.429,MLE lpm,MLE,wald,0.95,NA,5.429,0.40400883347760885,0.3993388940023589,-5.024991166522391,-92.55831951597699,0.0034341814513398246,0.058601889486089305,25.253970405079404,0.0018531544596551645
25,1000,1353128989_5.453,MLE lpm,MLE,wald,0.95,NA,5.453,0.40758335864554374,0.40012523640938524,-5.045416641354457,-92.52552065568415,0.0036349321516609924,0.060290398503086644,25.45986401700815,0.0019065498030896
25,1000,1128366379_5.495,MLE lpm,MLE,wald,0.95,NA,5.495,0.4079668571709151,0.4036213708765286,-5.087033142829085,-92.57567138906433,0.004158063991923769,0.06448305197432709,25.882064260233484,0.002039133147178911
25,1000,971755380_5.579,MLE lpm,MLE,wald,0.95,NA,5.579000000000001,0.4048528355764224,0.39735482428903096,-5.174147164423578,-92.7432723503061,0.003440813768766219,0.058658450105387366,26.77523969288132,0.0018549430634836799
25,1000,1631382838_5.581,MLE lpm,MLE,wald,0.95,NA,5.5809999999999995,0.4038364658300417,0.3972208472104548,-5.177163534169958,-92.7640841098362,0.0036646641427538714,0.06053646952667352,26.806686923681927,0.0019143312520966355
25,1000,396844060_5.582,MLE lpm,MLE,wald,0.95,NA,5.582000000000001,0.4059536243433342,0.4002218549521559,-5.176046375656666,-92.7274520898722,0.0035906233324769833,0.05992181015687847,26.79504670628099,0.0018948940161594746
25,1000,561554120_5.676,MLE lpm,MLE,wald,0.95,NA,5.676,0.40431299087931916,0.3995792975107466,-5.271687009120681,-92.87679720085767,0.003473041739077637,0.05893251851972421,27.79415696387083,0.0018636098677238316
25,1000,2134180890_5.698,MLE lpm,MLE,wald,0.95,NA,5.698,0.40714212996219706,0.39938768976522254,-5.2908578700378035,-92.85464847381192,0.0041120518725379996,0.06412528263125239,27.997289052813503,0.002027819487167928
25,1000,1346036931_5.7,MLE lpm,MLE,wald,0.95,NA,5.7,0.4044363203498076,0.40042995899232714,-5.295563679650193,-92.90462595877531,0.003401103139090198,0.05831897752095966,28.046395788369377,0.0018442079977839263
25,1000,1403232972_5.758,MLE lpm,MLE,wald,0.95,NA,5.758,0.41001009342532496,0.404075324987993,-5.347989906574675,-92.87929674495788,0.004071924017990191,0.06381162917517615,28.60506796484259,0.0020179008939960833
25,1000,1991017924_5.807,MLE lpm,MLE,wald,0.95,NA,5.807,0.40715096312590443,0.4021438691989069,-5.399849036874096,-92.98861782114854,0.003955671214191535,0.06289412702463987,29.162325292244297,0.00198888692845811
25,1000,1792645336_5.865,MLE lpm,MLE,wald,0.95,NA,5.865,0.4083663753274196,0.40138801632828736,-5.45663362467258,-93.03723145221791,0.0036546754664883987,0.06045391192047375,29.778505189373913,0.0019117205513590103
25,1000,1898268017_5.887,MLE lpm,MLE,wald,0.95,NA,5.8870000000000005,0.40781160218380974,0.3993827843846882,-5.47918839781619,-93.07267534934924,0.004082158772200546,0.06389177390087511,30.025587657535752,0.0020204352927526647
25,1000,1229341730_5.911,MLE lpm,MLE,wald,0.95,NA,5.911,0.404878371144332,0.39860016182608726,-5.506121628855667,-93.15042512021093,0.003482772150520409,0.05901501631381973,30.320858163902706,0.001866218677036646
25,1000,1515272734_5.919,MLE lpm,MLE,wald,0.95,NA,5.9190000000000005,0.4042869284831583,0.3941992004685818,-5.514713071516843,-93.16967513966618,0.0036579680602763674,0.060481138053746705,30.415718229219006,0.0019125815172892286
25,1000,1581860201_5.971,MLE lpm,MLE,wald,0.95,NA,5.971,0.4100380113867126,0.4044224523145542,-5.560961988613288,-93.13284187930476,0.0036488443977770587,0.06040566527882181,30.92794708319963,0.0019101948585882695
25,1000,892668676_5.989,MLE lpm,MLE,wald,0.95,NA,5.989,0.410957042644046,0.40297541128741915,-5.578042957355954,-93.13813587169734,0.0038913498406078348,0.062380684835995785,31.11845458394896,0.0019726504608287387
25,1000,1677688340_3.75,MLE logit,MLE,wald,0.95,NA,3.75,243.9625993545563,167.80771768094957,240.2125993545563,6405.669316121501,85241.51820052037,291.9615012300772,142943.61108919294,9.232633329690959
25,1000,1233248129_3.799,MLE logit,MLE,wald,0.95,NA,3.799,248.2632973425907,164.72756747561976,244.4642973425907,6434.964394382488,85755.19857320728,292.839885557291,145517.99124841386,9.260410281040862
25,1000,1959011220_3.834,MLE logit,MLE,wald,0.95,NA,3.834,236.45429629307608,165.22333798542562,232.62029629307608,6067.3003727980195,56401.67873758981,237.49037609467422,110513.88098506832,7.510105108291748
25,1000,336997539_3.951,MLE logit,MLE,wald,0.95,NA,3.951,242.3999204686939,165.37367071767463,238.4489204686939,6035.153643854565,126734.02931088826,355.9972321674542,183591.91698357376,11.257620943649163
25,1000,469923319_3.982,MLE logit,MLE,wald,0.95,NA,3.982,248.41765474182267,163.34594135694869,244.43565474182267,6138.514684626385,115263.54955642935,339.5048594003175,175012.3388654929,10.736086324002306
25,1000,1840780356_4.051,MLE logit,MLE,wald,0.95,NA,4.051,223.24615406353843,159.75079252404774,219.19515406353844,5410.890004036989,60973.21529670343,246.92755070405454,109019.73086164179,7.808534772715265
25,1000,2090300807_4.145,MLE logit,MLE,wald,0.95,NA,4.145,241.6888773397203,167.46143183927674,237.5438773397203,5730.853494323772,79319.60039969021,281.6373561864445,135746.6940612783,8.906155197372781
25,1000,1208125066_4.17,MLE logit,MLE,wald,0.95,NA,4.17,252.46987607426342,170.88983099628356,248.29987607426344,5954.4334789991235,97631.69891104191,312.46071578846824,159284.5273695365,9.880875412180943
25,1000,679822524_4.231,MLE logit,MLE,wald,0.95,NA,4.231,257.00481346221795,167.99298844791804,252.77381346221796,5974.327900312407,270505.2819428756,520.101222785407,334399.88271510776,16.4470447784055
25,1000,343040439_4.255,MLE logit,MLE,wald,0.95,NA,4.255,228.81133286501887,165.07584532064936,224.55633286501887,5277.469632550385,53926.659774100335,232.22114411504464,104352.20640388549,7.343477362537474
25,1000,905789905_4.295,MLE logit,MLE,wald,0.95,NA,4.295,265.25827028555983,171.41514285607482,260.9632702855598,6075.978353563675,104998.15710259957,324.03419125549016,173099.98554073373,10.246860841379645
25,1000,813235442_4.323,MLE logit,MLE,wald,0.95,NA,4.323,249.76986586899287,168.49573346805997,245.44686586899286,5677.697568100691,98919.13573964979,314.51412645483794,159163.29970456116,9.945809958955067
25,1000,744326620_4.352,MLE logit,MLE,wald,0.95,NA,4.352,235.0151268772098,164.54448576943506,230.6631268772098,5300.163760965299,63199.38028195415,251.3948692434954,116404.85838272594,7.949803788896563
25,1000,512478579_4.373,MLE logit,MLE,wald,0.95,NA,4.373,236.1163798196465,171.2481766489006,231.74337981964652,5299.414128050457,75890.25958592024,275.4818679803087,129595.2536761532,8.711501568955851
25,1000,624190610_4.599,MLE logit,MLE,wald,0.95,NA,4.599,228.68990462275335,169.2609142214418,224.09090462275336,4872.60066585678,43672.82757285224,208.9804478243174,93889.56110749618,6.608542015668225
25,1000,1842489076_4.621,MLE logit,MLE,wald,0.95,NA,4.621,237.57782502473404,170.86005532926998,232.95682502473403,5041.2643372589055,79213.06577881139,281.4481582437721,133481.94810441593,8.900172233098155
25,1000,1497819352_4.692,MLE logit,MLE,wald,0.95,NA,4.692,244.19293571539234,165.06804553311457,239.50093571539233,5104.453020362155,94653.37916541296,307.65789306535424,152014.07737396145,9.72899682215042
25,1000,348718115_4.712,MLE logit,MLE,wald,0.95,NA,4.712,245.76810896418573,169.54337245963745,241.05610896418574,5115.791786166929,135260.54097351152,367.7778418740198,193368.58864246492,11.630156532631517
25,1000,2081031682_4.743,MLE logit,MLE,wald,0.95,NA,4.743,248.01752415831916,167.82226671920296,243.27452415831917,5129.1276440716665,124656.03183003979,353.0666110382569,183838.5259344964,11.164946566376383
25,1000,1904431972_4.773,MLE logit,MLE,wald,0.95,NA,4.773,240.0820400659159,166.66548580051207,235.3090400659159,4930.00293454674,62002.523704224666,249.00305962823964,117372.86804096747,7.874168127759571
25,1000,1840263705_4.804,MLE logit,MLE,wald,0.95,NA,4.804,230.0621280545686,164.01653767705028,225.2581280545686,4688.970192642976,58994.964681478945,242.88879076951852,109736.18893612738,7.680817969557601
25,1000,1631990279_4.85,MLE logit,MLE,wald,0.95,NA,4.85,241.41747655602134,163.58394868207847,236.56747655602135,4877.679928990131,73768.54682773804,271.60365761111916,129732.71779182175,8.588861788836635
25,1000,1103135698_4.901,MLE logit,MLE,wald,0.95,NA,4.901,252.51124756364982,177.3431930894451,247.6102475636498,5052.239289199139,86236.82959103984,293.6610794624304,147547.66428957178,9.28637871244975
25,1000,1809214851_4.931,MLE logit,MLE,wald,0.95,NA,4.931,234.70345287297428,167.9060283719803,229.77245287297427,4659.753657939044,54026.063341987814,232.43507339037242,106821.443441251,7.350242400219725
25,1000,1754225243_4.947,MLE logit,MLE,wald,0.95,NA,4.947,231.6724830591339,170.36645723581427,226.7254830591339,4583.090419630764,52141.47518410578,228.34507917646437,103545.9198525034,7.220905426891131
25,1000,523582794_4.952,MLE logit,MLE,wald,0.95,NA,4.952,241.30468309679603,167.92784641511284,236.35268309679603,4772.873245088773,265130.6355507122,514.9083758793521,320993.22635776666,16.28283254076858
25,1000,1910492159_4.999,MLE logit,MLE,wald,0.95,NA,4.9990000000000006,252.82991928280694,169.20123279117087,247.83091928280695,4957.609907637666,99403.28287266725,315.28286168560965,160823.44742522843,9.970119501423605
25,1000,1928703996_5.065,MLE logit,MLE,wald,0.95,NA,5.0649999999999995,248.2384011632518,168.73120863418046,243.1734011632518,4801.054317142188,157902.97777406158,397.3700765961896,217036.28080736537,12.565945160395282
25,1000,1222328524_5.112,MLE logit,MLE,wald,0.95,NA,5.112,240.99311141213772,165.93906455593196,235.88111141213773,4614.262742803946,113552.75356142588,336.9758946296098,169192.65228245122,10.656113436024688
25,1000,127733165_5.172,MLE logit,MLE,wald,0.95,NA,5.172000000000001,242.43725217592322,168.84226818089377,237.26525217592322,4587.495208351183,56407.277364997775,237.50216286383116,112702.07725510222,7.510477838659654
25,1000,836169130_5.174,MLE logit,MLE,wald,0.95,NA,5.1739999999999995,242.5779470926103,167.11204571370052,237.40394709261028,4588.402533680137,257919.68529328943,507.85793810207343,314280.31938844034,16.059878121993624
25,1000,1391808131_5.253,MLE logit,MLE,wald,0.95,NA,5.253,231.3510906593265,159.10409881952884,226.0980906593265,4304.17077211739,75053.38446101031,273.9587276598618,126173.73106080333,8.66333564286934
25,1000,1586431781_5.289,MLE logit,MLE,wald,0.95,NA,5.289,255.5263184814544,174.5578654295944,250.23731848145442,4731.278473841074,215302.03657702458,464.0065048865421,277920.7521378134,14.67317404575522
25,1000,1463422767_5.355,MLE logit,MLE,wald,0.95,NA,5.355,239.04236754089416,176.10216328024973,233.68736754089417,4363.909757999891,50920.04182692346,225.6546960001574,105529.82757511642,7.1358280407338475
25,1000,1453238298_5.368,MLE logit,MLE,wald,0.95,NA,5.368,237.49851077732134,170.62510260755442,232.13051077732135,4324.338874391232,78483.61893002757,280.1492797242705,132368.19296376768,8.859098087843229
25,1000,947900364_5.376,MLE logit,MLE,wald,0.95,NA,5.3759999999999994,238.57994350564428,172.35421277774054,233.20394350564428,4337.870972947253,64296.5605826103,253.5676647023636,118680.63984919403,8.018513614293505
25,1000,983682871_5.384,MLE logit,MLE,wald,0.95,NA,5.384,243.4162778315124,171.1138737867859,238.03227783151237,4421.104714552607,70351.04777652143,265.237719369854,127010.41306617972,8.387553145972992
25,1000,667057388_5.414,MLE logit,MLE,wald,0.95,NA,5.414,246.07741884066192,176.99955881304157,240.66341884066193,4445.205372010749,94543.25838965423,307.4788747046766,152462.13955773012,9.72333576452311
25,1000,443293449_5.429,MLE logit,MLE,wald,0.95,NA,5.429,234.9218324917077,167.2451435102138,229.4928324917077,4227.16582228233,50764.79291182973,225.31043675744303,103431.75307689674,7.1249416076084255
25,1000,1353128989_5.453,MLE logit,MLE,wald,0.95,NA,5.453,233.7361409709664,168.66805972869005,228.2831409709664,4186.377057967475,52713.94721327885,229.59518116301754,104827.13966484898,7.260437122741223
25,1000,1128366379_5.495,MLE logit,MLE,wald,0.95,NA,5.495,232.58403603162176,160.68724523917484,227.08903603162176,4132.648517408949,54215.74317591871,232.8427434469855,105785.1734616899,7.363134059347196
25,1000,971755380_5.579,MLE logit,MLE,wald,0.95,NA,5.579000000000001,252.15063919938723,169.91060948566502,246.57163919938722,4419.638630567973,114515.45940249633,338.40132890178836,175313.03265996912,10.701189625574175
25,1000,1631382838_5.581,MLE logit,MLE,wald,0.95,NA,5.5809999999999995,246.29567463837955,171.60839827846718,240.71467463837956,4313.11009923633,124701.00514857388,353.1302948609392,182644.55973483482,11.166960425674208
25,1000,396844060_5.582,MLE logit,MLE,wald,0.95,NA,5.582000000000001,249.7866960729892,170.58823144957614,244.2046960729892,4374.860194786621,128168.12818256953,358.00576557168677,187804.06176667055,11.32113634678823
25,1000,561554120_5.676,MLE logit,MLE,wald,0.95,NA,5.676,236.3785724057562,161.32319040458083,230.7025724057562,4064.5273503480653,100931.51522707396,317.6972068291976,154155.19214170714,10.046467798538648
25,1000,2134180890_5.698,MLE logit,MLE,wald,0.95,NA,5.698,262.28555417624284,173.5835382752,256.58755417624286,4503.11607890914,191686.43525983844,437.82009462773453,257523.6082179848,13.845087044140909
25,1000,1346036931_5.7,MLE logit,MLE,wald,0.95,NA,5.7,247.93443988613484,167.3018293640539,242.23443988613485,4249.727015546226,106926.66979929,326.996436982561,165604.19366623947,10.3405352762461
25,1000,1403232972_5.758,MLE logit,MLE,wald,0.95,NA,5.758,244.7880907066291,173.19347283119282,239.0300907066291,4151.269376634753,123373.22145090449,351.24524402602873,180508.6057141238,11.107349884239015
25,1000,1991017924_5.807,MLE logit,MLE,wald,0.95,NA,5.807,247.60174992452698,164.64445420345982,241.794749924527,4163.84966289869,130604.35810529119,361.3922496475142,189069.05919635575,11.42822637618328
25,1000,1792645336_5.865,MLE logit,MLE,wald,0.95,NA,5.865,232.18723350997314,166.727134262815,226.32223350997313,3858.8616114232414,65726.3682374178,256.37154334562524,116948.1216183606,8.1071800422476
25,1000,1898268017_5.887,MLE logit,MLE,wald,0.95,NA,5.8870000000000005,241.25401097947963,169.97603473357543,235.36701097947963,3998.0807028958657,53988.00039544434,232.35318029982793,109385.63025285883,7.347652713312215
25,1000,1229341730_5.911,MLE logit,MLE,wald,0.95,NA,5.911,230.44187791338368,163.1333105955572,224.53087791338368,3798.5261024087918,82422.63436868049,287.09342446088954,132836.7495052353,9.078691225539092
25,1000,1515272734_5.919,MLE logit,MLE,wald,0.95,NA,5.9190000000000005,228.28056802651554,171.70334810525955,222.36156802651553,3756.7421528385794,34130.427866700506,184.7442228236123,83575.0948019112,5.8421252868027835
25,1000,1581860201_5.971,MLE logit,MLE,wald,0.95,NA,5.971,238.49403831216802,169.74350494157846,232.523038312168,3894.2059673784624,78237.91445055902,279.7104117664536,132304.87779648099,8.845219864455549
25,1000,892668676_5.989,MLE logit,MLE,wald,0.95,NA,5.989,250.81933509695565,176.06207682886463,244.83033509695565,4088.000252078071,63150.35326360593,251.29734034327927,123092.24624729351,7.946719654272821
25,1000,1677688340_3.75,MLE probit,MLE,wald,0.95,NA,3.75,71.93535888787802,48.47535173655165,68.18535888787802,1818.2762370100806,8400.251954412359,91.6528884128174,13049.495121081087,2.898318815177578
25,1000,1233248129_3.799,MLE probit,MLE,wald,0.95,NA,3.799,73.26498656528906,47.67341072139004,69.46598656528906,1828.5334710526208,8315.11529210873,91.18725400026437,13140.63858159765,2.8835941621713572
25,1000,1959011220_3.834,MLE probit,MLE,wald,0.95,NA,3.834,69.51984265385565,47.70865006226576,65.68584265385564,1713.245765619605,5328.425882997051,72.99606758584363,9643.055808144134,2.3083383380685447
25,1000,336997539_3.951,MLE probit,MLE,wald,0.95,NA,3.951,71.54869019100452,47.75031730718155,67.59769019100453,1710.9007894458246,12558.563185070581,112.06499536015063,17128.01090422961,3.5438063131427744
25,1000,469923319_3.982,MLE probit,MLE,wald,0.95,NA,3.982,73.4383551000107,46.95436749591029,69.4563551000107,1744.2580386743018,11374.509085143654,106.65134356933181,16198.694348922436,3.3726116119624057
25,1000,1840780356_4.051,MLE probit,MLE,wald,0.95,NA,4.051,65.53380164678936,46.136451628461714,61.482801646789355,1517.7191223596485,5901.691422864601,76.82246691472879,9681.826321203045,2.429339709234713
25,1000,2090300807_4.145,MLE probit,MLE,wald,0.95,NA,4.145,71.21737538769179,48.32438327189099,67.07237538769179,1618.1513965667502,7678.479612107115,87.62693428454013,12177.183152254558,2.771006967170439
25,1000,1208125066_4.17,MLE probit,MLE,wald,0.95,NA,4.17,74.53051733783258,49.24108349548577,70.36051733783258,1687.3025740487428,9541.38557398907,97.68001624687145,14491.987974036507,3.088913332223659
25,1000,679822524_4.231,MLE probit,MLE,wald,0.95,NA,4.231,76.21740163183017,48.419760272890606,71.98640163183018,1701.4039619907867,28069.35363604995,167.5391107653671,33251.39565594911,5.29805187177796
25,1000,343040439_4.255,MLE probit,MLE,wald,0.95,NA,4.255,67.23532209035314,47.55153849074467,62.980322090353134,1480.1485802668187,5131.725207248323,71.63606080214296,9098.246177852947,2.265331147370804
25,1000,905789905_4.295,MLE probit,MLE,wald,0.95,NA,4.295,78.51363452765749,49.17969579252819,74.21863452765749,1728.0240867906282,10167.530591998557,100.83417373092595,15675.936303148548,3.188656549708444
25,1000,813235442_4.323,MLE probit,MLE,wald,0.95,NA,4.323,73.74041326958252,48.89579251982235,69.41741326958251,1605.7694487527763,9620.074791937248,98.08197995522545,14438.852056977259,3.1016245407749223
25,1000,744326620_4.352,MLE probit,MLE,wald,0.95,NA,4.352,69.11614306354768,47.35205087574469,64.76414306354768,1488.1466696587242,6035.950305283243,77.69137857756962,10230.344532038915,2.456817108635326
25,1000,512478579_4.373,MLE probit,MLE,wald,0.95,NA,4.373,69.50507091393051,49.35013226898672,65.1320709139305,1489.4139243981365,7410.998167255418,86.08715448460019,11653.18482879269,2.722314854541153
25,1000,624190610_4.599,MLE probit,MLE,wald,0.95,NA,4.599,67.10994529847018,49.01141430914734,62.510945298470176,1359.2290780271837,4115.592414505662,64.15288313478719,8023.210696613993,2.0286922917253034
25,1000,1842489076_4.621,MLE probit,MLE,wald,0.95,NA,4.621,69.9463072676805,49.28896665827398,65.3253072676805,1413.661702395163,7814.463619429652,88.39945485934656,12081.859389046524,2.7954362127277474
25,1000,1497819352_4.692,MLE probit,MLE,wald,0.95,NA,4.692,72.01843519566808,47.77704172529829,67.32643519566807,1434.9197612034968,9195.940779742727,95.89546798333447,13728.789655899218,3.0324809611509065
25,1000,348718115_4.712,MLE probit,MLE,wald,0.95,NA,4.712,72.5573214213724,48.7291837311384,67.84532142137239,1439.8412865316723,13831.801523611462,117.60867962702184,18434.789162380795,3.719113002264312
25,1000,2081031682_4.743,MLE probit,MLE,wald,0.95,NA,4.743,73.25816904280742,48.40984139513378,68.51516904280743,1444.5534270041624,12572.655033247882,112.1278512825778,17266.98342221236,3.5457939919357813
25,1000,1904431972_4.773,MLE probit,MLE,wald,0.95,NA,4.773,70.6455759286682,48.11836100636749,65.8725759286682,1380.1084418325622,5900.61503482581,76.81546091006555,10239.811294303967,2.429118159914377
25,1000,1840263705_4.804,MLE probit,MLE,wald,0.95,NA,4.804,67.59488090455498,47.291290090642114,62.79088090455498,1307.0541403945667,5639.969224937908,75.09972852772444,9582.663949707916,2.3748619380793294
25,1000,1631990279_4.85,MLE probit,MLE,wald,0.95,NA,4.85,71.13793956200306,47.16743839503842,66.28793956200306,1366.7616404536714,7092.707428860274,84.21821316591961,11486.798360236044,2.6632137407388607
25,1000,1103135698_4.901,MLE probit,MLE,wald,0.95,NA,4.901,74.46465051462778,51.29368858824151,69.56365051462778,1419.3766683253984,8400.256251555435,91.65291185530023,13239.357724476708,2.898319556493975
25,1000,1809214851_4.931,MLE probit,MLE,wald,0.95,NA,4.931,68.97194152527935,48.569701890280655,64.04094152527935,1298.741462690719,5139.1706433272175,71.6880090623754,9240.412834771467,2.2669738955989804
25,1000,1754225243_4.947,MLE probit,MLE,wald,0.95,NA,4.947,68.06498670834998,49.17048254754835,63.117986708349974,1275.8841056872848,4989.6105927809585,70.63717571350767,8973.490838896403,2.2337436273621374
25,1000,523582794_4.952,MLE probit,MLE,wald,0.95,NA,4.952,71.35750686940939,48.35936570363507,66.4055068694094,1340.9835797538246,28811.488646913986,169.73947286036324,33221.17998949716,5.3676334307508355
25,1000,1910492159_4.999,MLE probit,MLE,wald,0.95,NA,4.9990000000000006,74.65693617769767,48.953918419216585,69.65793617769768,1393.4374110361607,9711.188878755678,98.54536457264582,14563.416951291882,3.1162780490122635
25,1000,1928703996_5.065,MLE probit,MLE,wald,0.95,NA,5.0649999999999995,73.32381392396348,48.81159485381441,68.25881392396349,1347.6567408482429,16091.651365676402,126.85287291061405,20750.917043982674,4.011440061334134
25,1000,1222328524_5.112,MLE probit,MLE,wald,0.95,NA,5.112,71.08082407463304,47.83451426875355,65.96882407463305,1290.469954511601,11307.1417751922,106.33504490614654,15659.027524982084,3.3626093699970863
25,1000,127733165_5.172,MLE probit,MLE,wald,0.95,NA,5.172000000000001,71.28567247832677,48.934888349327906,66.11367247832678,1278.2999319088703,5360.567520788568,73.21589663992765,9731.585209360032,2.315289943136403
25,1000,836169130_5.174,MLE probit,MLE,wald,0.95,NA,5.1739999999999995,71.68352244246486,48.08298075015162,66.50952244246486,1285.4565605424211,26887.053802331062,163.97272273866486,31310.570377855798,5.185272779934635
25,1000,1391808131_5.253,MLE probit,MLE,wald,0.95,NA,5.253,68.08519825990066,45.88443571347756,62.832198259900665,1196.1202790767309,7307.168793905442,85.4819793518227,11255.053932076906,2.703177536512436
25,1000,1586431781_5.289,MLE probit,MLE,wald,0.95,NA,5.289,75.69755301304518,50.46604549619656,70.40855301304518,1331.2261866713025,22610.099314228446,150.3665498514495,27567.46365161924,4.755007814318337
25,1000,1463422767_5.355,MLE probit,MLE,wald,0.95,NA,5.355,70.22957407916603,50.853336209609715,64.87457407916602,1211.4766401338193,4801.534955445462,69.29310900403779,9010.245317398661,2.1912405060708107
25,1000,1453238298_5.368,MLE probit,MLE,wald,0.95,NA,5.368,69.89271361650233,49.39764232774286,64.52471361650234,1202.0252164028004,7616.016624295554,87.26979216370091,11779.455291587197,2.759713141668089
25,1000,947900364_5.376,MLE probit,MLE,wald,0.95,NA,5.3759999999999994,70.20227723098165,49.806018754695614,64.82627723098165,1205.8459306358195,6135.735886263207,78.33093824449703,10338.182105891297,2.477041761106019
25,1000,983682871_5.384,MLE probit,MLE,wald,0.95,NA,5.384,71.68687493746899,49.24450142764181,66.30287493746899,1231.4798465354565,6738.652546298144,82.08929617372867,11134.723771271798,2.595891474291278
25,1000,667057388_5.414,MLE probit,MLE,wald,0.95,NA,5.414,72.50189980053779,51.08963858084273,67.08789980053778,1239.155888447318,9255.66332027289,96.20635800337153,13756.449619919887,3.042312166802232
25,1000,443293449_5.429,MLE probit,MLE,wald,0.95,NA,5.429,69.04145154885916,48.362494620716056,63.612451548859156,1171.7158141252376,4779.409564708277,69.13327393309446,8825.95355676423,2.1861860773292556
25,1000,1353128989_5.453,MLE probit,MLE,wald,0.95,NA,5.453,68.68311258192865,48.689113008293376,63.23011258192865,1159.5472690615927,4987.854669270881,70.62474544570678,8985.901806394253,2.2333505477803706
25,1000,1128366379_5.495,MLE probit,MLE,wald,0.95,NA,5.495,68.34865309964827,46.42395049997924,62.85365309964828,1143.833541394873,5115.827663902543,71.52501425307473,9066.409371873468,2.2618195471572315
25,1000,971755380_5.579,MLE probit,MLE,wald,0.95,NA,5.579000000000001,74.51206552807243,49.073651362510844,68.93306552807243,1235.5810275689626,11382.851406952832,106.69044665270097,16134.618930050361,3.3738481600322254
25,1000,1631382838_5.581,MLE probit,MLE,wald,0.95,NA,5.5809999999999995,72.6822446394613,49.77766680071458,67.1012446394613,1202.315797159314,12583.885475566012,112.17791884130322,17086.462507730845,3.547377267160347
25,1000,396844060_5.582,MLE probit,MLE,wald,0.95,NA,5.582000000000001,73.80295326586301,49.256706147304556,68.22095326586302,1222.1596787148515,12700.910152481856,112.69831477214669,17355.008616984924,3.5638336314258354
25,1000,561554120_5.676,MLE probit,MLE,wald,0.95,NA,5.676,69.68866513129119,46.56374682767211,64.01266513129119,1127.7777507274698,9936.432623321165,99.68165640337827,14034.053920531987,3.1522107517298337
25,1000,2134180890_5.698,MLE probit,MLE,wald,0.95,NA,5.698,77.81824201398474,50.14299869121659,72.12024201398475,1265.711513056945,19514.871518737466,139.69563886799568,24716.200826893197,4.417563980152123
25,1000,1346036931_5.7,MLE probit,MLE,wald,0.95,NA,5.7,73.1954879104537,48.32819646190209,67.4954879104537,1184.131366850065,10538.090491731062,102.65520197111816,15093.731380001263,3.2462425189333994
25,1000,1403232972_5.758,MLE probit,MLE,wald,0.95,NA,5.758,72.21922905825417,49.93440525861848,66.46122905825418,1154.2415605810033,12451.70203387263,111.58719475760931,16868.79700180636,3.52869693142846
25,1000,1991017924_5.807,MLE probit,MLE,wald,0.95,NA,5.807,73.16619564754004,47.43306152992047,67.35919564754003,1159.9654838563808,13097.146206223835,114.44276388756012,17634.40744450741,3.6189979560955594
25,1000,1792645336_5.865,MLE probit,MLE,wald,0.95,NA,5.865,68.25866614873875,48.119428117050774,62.39366614873875,1063.830624871931,6350.420747909215,79.68952721599756,10243.390323389483,2.5200041166452913
25,1000,1898268017_5.887,MLE probit,MLE,wald,0.95,NA,5.8870000000000005,70.93515942758036,49.18418805722824,65.04815942758036,1104.9458030844294,5157.0970336026385,71.81293082448758,9388.36007851855,2.2709242685749427
25,1000,1229341730_5.911,MLE probit,MLE,wald,0.95,NA,5.911,67.78202838387011,47.076972218587656,61.87102838387011,1046.7100048024045,8165.124548286814,90.36107872467446,11993.148701564474,2.8574682059975425
25,1000,1515272734_5.919,MLE probit,MLE,wald,0.95,NA,5.9190000000000005,66.90078547481157,49.54328213102181,60.98178547481157,1030.2717600069534,3169.6344496016977,56.299506655047146,6888.412609297638,1.780346721737566
25,1000,1581860201_5.971,MLE probit,MLE,wald,0.95,NA,5.971,70.184576740818855,49.09408685106621,64.21357674081885,1075.4241624655645,7523.7375756788315,86.73948106646034,11647.121013527863,2.7429432323106564
25,1000,892668676_5.989,MLE probit,MLE,wald,0.95,NA,5.989,73.84273413861897,50.91459733351121,67.85373413861896,1132.9726855671893,5973.673389197063,77.28954256040764,10577.802625751447,2.4441099380341025
25,1000,1677688340_3.75,Penalized Maximum Likelihood Estimation,PMLE,profile,0.95,0.992,3.75,6.930886335153989,6.239759616647619,17.406611114609593,84.82363560410637,7.288573237440216,2.6997357717821604,17.39932254137215,0.08537314119464164
25,1000,1233248129_3.799,Penalized Maximum Likelihood Estimation,PMLE,profile,0.95,0.998,3.799,7.011445820890569,6.445402163726554,16.634102639974806,84.56030062886468,6.314294487817525,2.512825996327148,16.62778834548699,0.0794625351207569
25,1000,1959011220_3.834,Penalized Maximum Likelihood Estimation,PMLE,profile,0.95,0.996,3.834,6.9240436892895705,6.40515599420212,15.293301054435815,80.59581870864815,5.744931052717516,2.396858580041283,15.2875561233831,0.07579532342247453
25,1000,336997539_3.951,Penalized Maximum Likelihood Estimation,PMLE,profile,0.95,0.996,3.951,6.864513319250543,6.323359306311531,14.115825234160663,73.74116221843946,5.627265372710347,2.372185779552341,14.110197968787954,0.07501510096447479
25,1000,469923319_3.982,Penalized Maximum Likelihood Estimation,PMLE,profile,0.95,0.998,3.982,6.924914836972938,6.39151848902545,14.24210025663291,73.90544542875284,5.581352518957453,2.3624886283234154,14.23651890411395,0.07470845011748975
25,1000,1840780356_4.051,Penalized Maximum Likelihood Estimation,PMLE,profile,0.95,0.995,4.051,7.016831173562507,6.440427713777926,15.236777193408816,73.21232223062223,6.440622643333658,2.537838183047465,15.230336570765482,0.08025348991373309
25,1000,2090300807_4.145,Penalized Maximum Likelihood Estimation,PMLE,profile,0.95,0.999,4.145,7.033689311953054,6.428039847414932,14.218904247616521,69.69093635592414,5.874378306624708,2.4237116797640574,14.213029869309896,0.07664449299607055
25,1000,1208125066_4.17,Penalized Maximum Likelihood Estimation,PMLE,profile,0.95,0.999,4.17,7.010365496339953,6.418866602257788,14.722225004374874,68.11428048776867,6.654548851576364,2.5796412253599073,14.7155704555233,0.08157541818205019
25,1000,679822524_4.231,Penalized Maximum Likelihood Estimation,PMLE,profile,0.95,0.997,4.231,6.911861516165362,6.381922147314324,12.734484191242483,63.362361526007135,5.54746572238604,2.355305865994062,12.7289367255201,0.07448131122896562
25,1000,343040439_4.255,Penalized Maximum Likelihood Estimation,PMLE,profile,0.95,1,4.255,6.861344547563696,6.280650856124796,12.84605711424256,61.25369089456394,6.053025213627555,2.4602896605130775,12.840004089028932,0.07780119030983751
25,1000,905789905_4.295,Penalized Maximum Likelihood Estimation,PMLE,profile,0.95,1,4.295,6.950046993042997,6.441011837874289,13.300057031873253,61.81715932579736,6.250782496606594,2.500156494423218,13.293806249376646,0.07906189029239431
25,1000,813235442_4.323,Penalized Maximum Likelihood Estimation,PMLE,profile,0.95,1,4.323,7.002654298499753,6.413954622908819,13.487135999609663,61.98598886189573,6.306588840141464,2.511292264978623,13.480829410769523,0.07941403427695551
25,1000,744326620_4.352,Penalized Maximum Likelihood Estimation,PMLE,profile,0.95,1,4.352,6.924569865746836,6.417604133291952,12.124986573443204,59.112359047491616,5.506870859294512,2.3466722948239944,12.11947970258391,0.07420829373657982
25,1000,512478579_4.373,Penalized Maximum Likelihood Estimation,PMLE,profile,0.95,1,4.373,6.90697517270017,6.403099141187101,11.880152910829583,57.94592208324192,5.45912273496873,2.3364765641813596,11.874693788094618,0.07388587642417685
25,1000,624190610_4.599,Penalized Maximum Likelihood Estimation,PMLE,profile,0.95,1,4.599,7.046989940612045,6.451915686787356,11.374440814345025,53.22874408810709,5.381786065007261,2.3198676826507283,11.369059028280017,0.07336065747392985
25,1000,1842489076_4.621,Penalized Maximum Likelihood Estimation,PMLE,profile,0.95,1,4.621,7.132226491122738,6.4128747215732105,14.937507436276565,54.34378903100492,8.631248946559946,2.9378987297999135,14.928876187330001,0.09290451521083325
25,1000,1497819352_4.692,Penalized Maximum Likelihood Estimation,PMLE,profile,0.95,1,4.692,7.084718235337697,6.495431210660248,12.251808393177964,50.995699815381435,6.52670783946042,2.5547422256385124,12.245281685338504,0.08078804267625513
25,1000,348718115_4.712,Penalized Maximum Likelihood Estimation,PMLE,profile,0.95,1,4.712,6.9690449150239795,6.488731919598768,10.04770847184201,47.89993452937138,4.953456723406406,2.2256362513686745,10.042755015118605,0.07038079797364055
25,1000,2081031682_4.743,Penalized Maximum Likelihood Estimation,PMLE,profile,0.95,0.998,4.743,7.040188722656798,6.545264943810281,10.664340091608459,48.43324315110262,5.38726406410689,2.321048052950841,10.658952827544354,0.07339798406023758
25,1000,1904431972_4.773,Penalized Maximum Likelihood Estimation,PMLE,profile,0.95,0.999,4.773,6.963334934313307,6.391021059534895,11.128069542302557,45.89010966505987,6.330502417829275,2.5160489696802952,11.121739039884728,0.07956445448709666
25,1000,1840263705_4.804,Penalized Maximum Likelihood Estimation,PMLE,profile,0.95,1,4.804,6.969165740630613,6.387527265427517,10.428233455918507,45.07006121212767,5.740290771517997,2.395890392217056,10.422493165146989,0.07576470663520052
25,1000,1631990279_4.85,Penalized Maximum Likelihood Estimation,PMLE,profile,0.95,1,4.85,6.958819434144696,6.464604622223904,10.605801478865745,43.4808130751484,6.158682073039387,2.481669211043121,10.599642796792704,0.07847727106009349
25,1000,1103135698_4.901,Penalized Maximum Likelihood Estimation,PMLE,profile,0.95,1,4.901,6.8714981634494805,6.397619554272286,9.269934517268826,40.20604291878149,5.38707150511105,2.321006571535516,9.264547445763714,0.07339667230270763
25,1000,1809214851_4.931,Penalized Maximum Likelihood Estimation,PMLE,profile,0.95,1,4.931,6.895463548805938,6.403039417590361,9.387389759098733,39.83904986424533,5.528272724511513,2.3512279184527207,9.38186148637422,0.07435235520487239
25,1000,1754225243_4.947,Penalized Maximum Likelihood Estimation,PMLE,profile,0.95,1,4.947,6.9459630243416095,6.473643894261946,9.250117644584062,40.40758084377622,5.254264471899107,2.2922182426416353,9.244863380112163,0.07248630540936066
25,1000,523582794_4.952,Penalized Maximum Likelihood Estimation,PMLE,profile,0.95,1,4.952,7.030559180323054,6.51708756671837,10.345666751209407,41.97413530539285,6.025258485104162,2.454640194632232,10.339641492724303,0.07762253851236871
25,1000,1910492159_4.999,Penalized Maximum Likelihood Estimation,PMLE,profile,0.95,1,4.9990000000000006,7.0548991411674695,6.578607371061531,10.256810364575372,41.12620806496237,6.030089085922237,2.455623970790772,10.25078027548945,0.07765364824605626
25,1000,1928703996_5.065,Penalized Maximum Likelihood Estimation,PMLE,profile,0.95,1,5.0649999999999995,7.228159728748237,6.667867137828828,10.794679253583846,42.70799069591782,6.115419241505699,2.4729373711248126,10.78856383434234,0.07820114603703515
25,1000,1222328524_5.112,Penalized Maximum Likelihood Estimation,PMLE,profile,0.95,1,5.112,7.083751517538438,6.525501100851848,10.915733583832104,38.571039075478055,7.02792953691697,2.651024242989296,10.908705654295186,0.0838327474016984
25,1000,127733165_5.172,Penalized Maximum Likelihood Estimation,PMLE,profile,0.95,1,5.172000000000001,7.211520487359379,6.577470781303846,10.701315801013227,39.433884133011944,6.54167198265459,2.5576692480957326,10.694774129030572,0.08088060325352792
25,1000,836169130_5.174,Penalized Maximum Likelihood Estimation,PMLE,profile,0.95,1,5.1739999999999995,7.067966263344287,6.396761087814051,9.87963316069313,36.605455418327935,6.292524954006807,2.508490572835945,9.873340635739122,0.0793254369922209
25,1000,1391808131_5.253,Penalized Maximum Likelihood Estimation,PMLE,profile,0.95,1,5.253,6.969852393720863,6.429774224452878,7.959749052013845,32.68327419990222,5.012166910188787,2.2387869282691435,7.9547368851036575,0.070796658891425
25,1000,1586431781_5.289,Penalized Maximum Likelihood Estimation,PMLE,profile,0.95,1,5.289,7.243923205708805,6.603333969506668,12.167598299620312,36.962057207578106,8.34587355940152,2.888922560298479,12.159252426060911,0.09135575274388319
25,1000,1463422767_5.355,Penalized Maximum Likelihood Estimation,PMLE,profile,0.95,1,5.355,7.222029724124068,6.632643134115017,10.530499817797939,34.86516758401621,7.044699827035147,2.6541853415003156,10.523455117970903,0.08393271011372828
25,1000,1453238298_5.368,Penalized Maximum Likelihood Estimation,PMLE,profile,0.95,1,5.368,7.0738441403793235,6.520535649698935,8.914982708961253,31.778020498869665,6.005078477694781,2.450526163438126,8.908977630483557,0.07749244142298513
25,1000,947900364_5.376,Penalized Maximum Likelihood Estimation,PMLE,profile,0.95,1,5.3759999999999994,7.142852468674984,6.575504063466736,9.783595056188567,32.86555931315076,6.661827410125682,2.5810516093495073,9.776933228778443,0.0816200184398759
25,1000,983682871_5.384,Penalized Maximum Likelihood Estimation,PMLE,profile,0.95,1,5.384,6.955810390096006,6.442875883642921,7.7152532668683556,29.194100856166514,5.244665364454599,2.2901234386937745,7.710008601503902,0.07242006189209313
25,1000,667057388_5.414,Penalized Maximum Likelihood Estimation,PMLE,profile,0.95,1,5.414,7.122797058513619,6.55387729814532,9.357365541527908,31.562561110336528,6.4373781543431114,2.5371988795408043,9.350928163373569,0.08023327336176128
25,1000,443293449_5.429,Penalized Maximum Likelihood Estimation,PMLE,profile,0.95,0.999,5.429,7.108340220247033,6.50739853966756,10.864670547481369,30.932772522509346,8.044486972142016,2.83628048192382,10.856626060509228,0.08969106405959301
25,1000,1353128989_5.453,Penalized Maximum Likelihood Estimation,PMLE,profile,0.95,1,5.453,6.969831133528825,6.373477342733974,8.850610545118954,27.816452109459465,6.549833857476614,2.5592643195802607,8.844060711261477,0.08093104384274687
25,1000,1128366379_5.495,Penalized Maximum Likelihood Estimation,PMLE,profile,0.95,1,5.495,7.004168846511189,6.53008631408305,7.715932182388749,27.464401210394705,5.438341575108836,2.3320252089351086,7.710493840813641,0.07374511221164991
25,1000,971755380_5.579,Penalized Maximum Likelihood Estimation,PMLE,profile,0.95,1,5.579000000000001,7.1650662749964935,6.644763989549347,8.387505153260705,28.4292216346387,5.871898924579454,2.423200141255248,8.381633254336124,0.07662831672808332
25,1000,1631382838_5.581,Penalized Maximum Likelihood Estimation,PMLE,profile,0.95,1,5.5809999999999995,7.054543687274912,6.586416059624881,8.041428376309124,26.402861266348566,5.870097378001379,2.422828383935061,8.035558278931124,0.07661656072939702
25,1000,396844060_5.582,Penalized Maximum Likelihood Estimation,PMLE,profile,0.95,1,5.582000000000001,7.101660582499995,6.572053750546513,8.092075264523295,27.22430280365449,5.782706978519074,2.4047259674480737,8.086292557544775,0.07604411205687837
25,1000,561554120_5.676,Penalized Maximum Likelihood Estimation,PMLE,profile,0.95,1,5.676,7.190238018229963,6.530551672847633,9.460401492099411,26.677907297920413,7.167484716246406,2.6772158516351285,9.453234007383164,0.08466099879074429
25,1000,2134180890_5.698,Penalized Maximum Likelihood Estimation,PMLE,profile,0.95,1,5.698,7.165848617783213,6.575679431764244,9.548579153404127,25.76076900286437,7.39399958867604,2.7191909805447723,9.541185153815452,0.08598836891508084
25,1000,1346036931_5.7,Penalized Maximum Likelihood Estimation,PMLE,profile,0.95,1,5.7,7.011846828068735,6.530492905767314,6.930561511377446,23.01485663278482,5.209619411063446,2.282459071059862,6.9253518919663835,0.07217769330661272
25,1000,1403232972_5.758,Penalized Maximum Likelihood Estimation,PMLE,profile,0.95,1,5.758,7.096302099725574,6.676972159207149,7.015477215165827,23.24248175973558,5.224424705035947,2.285700047039407,7.0102527904607905,0.0722801819659853
25,1000,1991017924_5.807,Penalized Maximum Likelihood Estimation,PMLE,profile,0.95,1,5.807,7.1683981491426145,6.663814184892386,7.758180797082634,23.444087293656168,5.904775876593698,2.429974460070249,7.752276021206039,0.07684253949859868
25,1000,1792645336_5.865,Penalized Maximum Likelihood Estimation,PMLE,profile,0.95,1,5.865,6.9459193765297895,6.442243625530525,6.35000736838837,18.429997894796067,5.181620669830822,2.2763173482251595,6.344825747718539,0.07198347497746148
25,1000,1898268017_5.887,Penalized Maximum Likelihood Estimation,PMLE,profile,0.95,1,5.8870000000000005,7.244938775530295,6.650176599808358,8.805675957629719,23.066736462209867,6.961678239541001,2.63849924001145,8.798714279390179,0.08343667203059456
25,1000,1229341730_5.911,Penalized Maximum Likelihood Estimation,PMLE,profile,0.95,1,5.911,7.344586924293318,6.762295276354591,10.253632241952225,24.25286625432783,8.198460772447449,2.863295439253073,10.245433781179779,0.09054535202012
25,1000,1515272734_5.919,Penalized Maximum Likelihood Estimation,PMLE,profile,0.95,0.999,5.9190000000000005,7.070769481078426,6.568286917692809,6.844590722321711,19.458852527089476,5.518017784778045,2.3490461436034082,6.839072704536933,0.07428336142621741
25,1000,1581860201_5.971,Penalized Maximum Likelihood Estimation,PMLE,profile,0.95,0.999,5.971,7.128655372976759,6.619569590363739,7.202375435736588,19.387964712389195,5.862209473154629,2.421200006846735,7.196513226263433,0.07656506692450957
25,1000,892668676_5.989,Penalized Maximum Likelihood Estimation,PMLE,profile,0.95,1,5.989,6.995089008753346,6.5241979173781495,6.070395066925525,16.7989482176214,5.058179973391235,2.2490397891969884,6.065336886952134,0.07112088282207438
